Accession	Gene ID	Abundances (Normalized): F7: Sample, rbohF C	Abundances (Normalized): F8: Sample, rbohF C	Abundances (Normalized): F9: Sample, rbohF C	Abundances (Normalized): F10: Sample, rbohF Cd	Abundances (Normalized): F11: Sample, rbohF Cd	Abundances (Normalized): F12: Sample, rbohF Cd	Abundance Ratio (log2): (rbohF Cd) / (rbohF C)	Abundance Ratio Adj. P-Value: (rbohF Cd) / (rbohF C)
Q1H595	AT1G03330	73960760.7847562	60093654.3328845	80188005.4067609	11756731.5343172	10379790.4779396	10407861.5397786	-2.83	1.36513383665065E-16
Q9ZQ38	AT2G24290	0	0	0	1235590.07183006	756074.412597065	1066347.30161901	6.64	1.36513383665065E-16
Q944P7	AT4G30920	1407394.93790557	3876585.80717013	2905960.23187574	130698478.330563	123467293.597666	138823505.427881	5.49	1.36513383665065E-16
P50700	AT4G11650	2315245.80721698	5274640.81610694	1472092.07175089	23831694.1444731	28566247.430971	29697682.6637473	3.63	1.36513383665065E-16
Q949P3	AT2G17340	3254913.92116542	4870647.6143155	2830075.46785516	0	0	0	-6.64	1.36513383665065E-16
Q501F8	AT4G08300	213757.648566311	93509.4526161846	569404.322912852	0	0	0	-6.64	1.36513383665065E-16
Q0WT40	AT4G15290	1196710.38353601	705633.230513244	1828415.38493207	0	0	0	-6.64	1.36513383665065E-16
O49652	AT4G22710	0	0	0	1682861.4322599	3477874.12502047	2859205.07749268	6.64	1.36513383665065E-16
Q9LYG5		0	0	0	78715555.6048292	777700.751591556	15225442.6212959	6.64	1.36513383665065E-16
Q9LXB5	AT5G10625	0	0	0	150436.97568742	97117.2390341474	174754.193068548	6.64	1.36513383665065E-16
Q8L8Q8	AT5G64816	573749.59385935	673408.366563309	867570.562303237	0	0	0	-6.64	1.36513383665065E-16
Q7XZP5	AT4G35970	0	0	0	1704834.77602113	1203193.25779735	2011116.61699945	6.64	1.36513383665065E-16
Q8GXN2	AT4G21680	0	0	0	449880.516996563	715130.724679615	796375.748474216	6.64	1.36513383665065E-16
Q8RXV4		749829.118350673	329001.429313144	1166227.6811284	0	0	0	-6.64	1.36513383665065E-16
Q8LDK5	AT5G27820	487206.466741791	476809.989088477	333951.400446965	35504371.4222639	35693296.1150002	236579.894993044	6.22	1.36513383665065E-16
Q9FKV1	AT5G44370	481554.829739683	402111.942882697	716017.945149724	0	0	0	-6.64	1.36513383665065E-16
Q0WKV3	AT1G12300	7836887.67743819	9443148.36304738	4948527.63224212	0	0	0	-6.64	1.36513383665065E-16
Q93VI4	AT5G51120	408563693.81213	13037656.1465149	11824170.6539142	154684123.746696	151529469.047511	181282918.349291	3.57	1.36513383665065E-16
Q9SG91	AT3G10860	0	0	0	97964.4458270346	32163.9035976928	52880.0740529009	6.64	1.36513383665065E-16
Q9SJU4	AT2G21330	831786.950900017	620322.221349471	1917515.8479677	0	0	0	-6.64	1.36513383665065E-16
Q9FPH3	AT3G04520	426074.65777623	676164.72195089	19703885.2586379	17872312.9250206	21195166.020869	17057869.3906599	4.72	1.36513383665065E-16
Q9SX79	AT1G47490	1618308.98397896	1923207.61599654	1919592.30097452	0	0	0	-6.64	1.36513383665065E-16
Q9C8V1	AT1G33940	0	0	0	1035866.88558653	1340164.36564366	1186375.10635877	6.64	1.36513383665065E-16
F4JHW1	AT4G02860	0	0	0	625247.133835675	396704.779587802	421748.954542183	6.64	1.36513383665065E-16
Q944G9	AT4G38970	1136445.29764631	589926.958667882	500488.766292027	0	0	0	-6.64	1.36513383665065E-16
Q9LFH5	AT3G53430	62744937.3162914	42895614.0884903	49267790.9246594	3892623.09178102	0	0	-3.66	1.36513383665065E-16
Q93YQ3	AT5G47435	0	0	0	765365.695178775	780187.919132451	625649.006874987	6.64	1.36513383665065E-16
A0A1I9LTQ6	AT3G10270	6977447.46928155	2952821.17851998	12961854.3394754	81441622.4930137	79317267.2269006	58406293.9836319	3.51	1.36513383665065E-16
Q84JR9	AT3G58620	2213919.21830262	4649806.59765046	2348441.95254062	100990592.44195	78907183.1213769	32723057.2932373	5.07	1.36513383665065E-16
A0A1P8B4V5	AT4G38100	252317.202364353	219036.483924561	283129.328066472	0	0	0	-6.64	1.36513383665065E-16
A0A1P8BBS3	AT5G40910	0	0	0	260763.238658286	225651.99593546	304755.994033353	6.64	1.36513383665065E-16
F4JIM7	AT4G21150	0	0	0	544738.735323859	735489.738475892	1092854.60755679	6.64	1.36513383665065E-16
Q9LZQ3		83306677.5364606	80790922.799737	8840815.25807605	7722467.90789465	7937914.34203162	10841312.3039324	-3.35	1.36513383665065E-16
Q84M89	AT1G24320	2164203.81401228	1734550.19630297	1472416.6295288	0	0	0	-6.64	1.36513383665065E-16
O80713	AT2G47130	2131653.26024219	2231359.84424624	844810.434586215	24143987.8089384	37042556.6000284	27704473.1109189	3.7	1.36513383665065E-16
Q9LME7		0	0	0	1242113.6711027	2022561.03244575	1701207.69868074	6.64	1.36513383665065E-16
A0A1I9LQR2	AT3G27870	0	0	0	274507.362900725	258283.304027245	215894.806030793	6.64	1.36513383665065E-16
Q9FJ90	AT5G52020	274663.553229839	346973.620819122	138213.821318987	0	0	0	-6.64	1.36513383665065E-16
Q9ZUB2	AT1G23830	0	0	0	305791.051035954	199122.857505462	343305.769777912	6.64	1.36513383665065E-16
Q8GXC5	AT1G75560	1624271.85784063	3256781.70392847	2196375.42310168	30615.2822614988	24245.9817563012	0	-6.33	1.36513383665065E-16
Q9FF17	AT5G38460	0	0	0	684520.815319162	1232646.21143727	776420.236114934	6.64	1.36513383665065E-16
Q9FZ82	AT1G18610	168779618.633632	208733887.588485	186923358.836136	0	1868489.12986122	0	-6.64	1.36513383665065E-16
Q9SNA3	AT3G46340	0	0	0	1421054.87657512	1206856.40442012	1164064.15902162	6.64	1.36513383665065E-16
Q9FV70	AT1G47870	503369.123012953	444516.825543682	1042325.91377449	0	0	0	-6.64	1.36513383665065E-16
P0CH31	AT1G43140	0	0	0	2940885.78690825	1446387.87254972	3300128.34631518	6.64	1.36513383665065E-16
A0A2H1ZE50	AT5G01550	0	0	0	588526.654948891	794368.79069809	572585.162444871	6.64	1.36513383665065E-16
F4HPH5	AT1G33110	0	0	0	1264417.12550931	1147543.85707915	1164035.03495348	6.64	1.36513383665065E-16
Q9FM29	AT5G40690	0	0	0	2235813.08559931	2166168.02503409	1933878.67425357	6.64	1.36513383665065E-16
Q9LZG4	AT3G43840	224466.689014395	193733.9760986	223751.819130179	0	0	0	-6.64	1.36513383665065E-16
Q9SKC1	AT2G31790	192879.174107855	323160.5467988	1179605.28753481	0	0	0	-6.64	1.36513383665065E-16
Q9FGL5	AT5G49660	2111075.31144361	3324431.96689405	1053545.4906736	102303318.343629	77943445.6899634	32768396.6537216	5.21	1.36513383665065E-16
Q9S9Z8	AT1G34760	0	0	0	517108.082902652	730716.310361522	564450.490303893	6.64	1.36513383665065E-16
P13114	AT5G13930	23751379.1213157	15047285.6432552	8400766.59309515	248444.631948643	252919.492768974	0	-5.91	1.36513383665065E-16
Q9SUQ3	AT4G23740	521125.843824636	723406.119831008	867284.399894014	0	0	0	-6.64	1.36513383665065E-16
Q9SF86	AT3G09830	4653022.7674979	3335716.99659831	4427834.98037894	6975921.49666104	48987996.5489861	53852809.8897448	3.47	1.36513383665065E-16
Q9FGM9	AT5G51440	0	0	0	1394534.26179662	1550104.82956893	834023.685607886	6.64	1.36513383665065E-16
O64380	AT1G22760	1179864.14870178	1011317.38088612	1037182.46406589	0	0	0	-6.64	1.36513383665065E-16
F4JY73	AT5G25640	963126.185330317	842338.016389173	1124009.66778255	0	0	0	-6.64	1.36513383665065E-16
F4JPX3	AT4G17660	0	0	0	848559.657047716	831097.947063002	869800.14169779	6.64	1.36513383665065E-16
A8MS85	AT1G65440	151190024.823728	112569195.677682	122578797.518363	16582853.5416209	15970537.5790427	14744053.7863859	-2.94	1.36513383665065E-16
Q8GWT1	AT5G15470	0	0	0	2039445.55234663	2111068.60811221	2975812.69458916	6.64	1.36513383665065E-16
Q8VZ75		3181421.14973103	2325311.06894815	2516197.67751523	0	0	0	-6.64	1.36513383665065E-16
P02666		2619869.57208999	53394680.2492783	59759792.0640917	4129059.96982314	6748356.13648353	5358224.93116697	-3.32	1.36513383665065E-16
Q9LHR4	AT3G32040	68219.1377699164	98063.6037093848	83121.2967164214	0	0	0	-6.64	1.36513383665065E-16
Q9FJL8	AT5G57980	1674315.9089405	1776158.29259573	2365624.37171773	129914063.902056	169177335.131596	156303522.743734	6.46	1.36513383665065E-16
Q9FIK0	AT5G47810	0	0	0	614025.578737273	396194.728094571	377386.47596134	6.64	1.36513383665065E-16
Q6NQ63		133526254.493808	144134788.812566	88629152.1927654	3478144.38072927	3507236.85150479	8487843.26298918	-5.25	1.36513383665065E-16
Q9C9J1	AT1G71690	0	0	0	1232177.7903733	1241917.1222187	1434645.44800681	6.64	1.36513383665065E-16
F4IZ80	AT3G49845	525682.048134645	527430.252825584	1590825.89240797	110338900.27925	105631133.335342	87750378.6770425	6.64	1.36513383665065E-16
Q9ZTP3	AT3G04580	157120588.946599	108943153.048357	130757948.512741	10922550.0529565	24699819.1141963	13683226.3058366	-3.26	1.36513383665065E-16
A0A1P8AZ96	AT2G34210	10441281.6742124	11379670.5563413	12781397.4833551	402330.760053526	432245.541271728	0	-4.77	3.0187745672993E-15
Q9M9M4	AT3G03050	111968933.391275	96098791.4395303	121613980.424961	690835183.467914	702426667.304648	656061290.304894	2.63	3.0187745672993E-15
Q9ZVL3	AT1G54830	51223.7707323839	20680.7316333598	0	2148422.40790023	4003845.0045158	2672814.86363115	6.36	3.0187745672993E-15
A0A1P8BBP4	AT5G66810	6968864.56796811	10953373.0384321	7773371.58360676	277940.21381495	1147165.47320908	322773.073229299	-4.59	6.02930674670153E-15
Q7PC85	AT3G30842	2259942.7270884	7487994.2768113	7108034.08284409	546750.003550896	337324.082673024	376638.431957099	-4.24	1.20339705502967E-14
Q8RWN3	AT3G25840	11331877.4638976	12996084.7554466	123705167.354048	115632968.642634	110132487.21734	13203674.1775838	3.08	1.20339705502967E-14
Q43314	AT5G18170	28255429.2398823	23673989.1392883	23524534.5782995	204338559.174371	179878417.067118	159797760.334884	2.93	1.80386679045291E-14
F4JLY4	AT4G22690	80366253.5703393	59011820.4951618	59120137.2844488	292364807.012286	358166599.402836	427636217.693442	2.6	2.10307961521851E-14
Q8L5Y9	AT4G32180	261879474.392067	122033260.686058	119381906.907819	21703848.7982878	17085240.4931689	18501897.9715306	-2.72	3.90041260159411E-14
O49340	AT2G30750	21155825.4856913	41489028.5150656	25851715.3959036	174626890.129488	213588542.398997	153921113.083037	2.76	5.54681894441542E-13
Q8W4E1	AT1G12770	13261847.7599782	29686451.1651205	9561878.3044103	15083941.9204743	1391813.72498706	439335.726669931	-3.25	3.29595999615824E-12
Q9FKN5	AT5G17910	69284989.6988711	43154428.9407239	74810563.4386662	13294129.8439324	13960855.23977	19618059.6754986	-2.31	2.95215369345167E-11
Q94K76	AT5G18470	516681.4270352	343852.24063329	161109.075821609	4103971.2068461	5579457.68245688	6857169.86116617	4.02	4.10279088331166E-11
Q9LII1		11915981.2854648	15719773.802661	16928816.1279441	2263791.5450615	1545880.17871931	1084349.96419349	-3.35	9.25822381721749E-11
F4J3F3	AT3G57570	917485.780453446	2119978.13632781	1390429.54773752	16702628.6753096	9896124.80859364	17017418.5527923	3.59	1.0885240254559E-10
Q9LXG8	AT5G15130	0	5948099.44644136	0	486925.360404984	312877.923706303	876962.211220646	-3.61	1.52728494726895E-10
C0Z2A9		35026633.0011839	30602395.7330305	35477297.8996517	2133089.87080353	6481934.53373069	5803858.74796013	-2.59	2.53908382255132E-10
Q7FB56	AT3G60970	0	0	675003.338155383	31238.7288807693	24640.2986542207	28151.0215003128	-4.58	2.84636442672139E-10
Q6NLY8	AT4G36720	225034.705634142	959499.572242743	9217596.13505117	13655455.0574116	11990845.5074005	9851475.88201713	3.64	4.71866204321106E-10
Q8LLD0	AT1G80680	5896531.7681344	8184275.06682133	7248276.37934864	37222068.2196649	54918068.220494	47615219.367765	2.72	5.65914328731765E-10
O48723	AT2G26560	1559997.4253908	2286168.24695422	1195804.68037999	27344898.4992421	17049087.4750912	18082761.001354	3.53	5.890543978026E-10
Q8GW96	AT2G18193	3225373.66505866	21783435.1076424	4029991.23891699	32904406.7277483	12508296.9506838	23407058.3042678	2.54	6.74946672071979E-10
Q9FJF1		12874276.005655	13325329.4360688	12893855.9667016	1361071.46553177	2355120.59976991	1692490.58672329	-2.93	1.16726875505772E-09
Q9SZ46	AT4G31940	24570764.6749681	84162376.8624107	94696679.9133311	21408483.6619946	17397254.900281	17847754.0657062	-2.24	1.19184203011472E-09
Q9SH59	AT1G64090	0	668356.646374598	0	6708395.94476316	15351060.91115	10879624.2365827	4.02	1.43164620000657E-09
F4ITS6	AT2G32580	401196.451334514	1715962.44255476	0	10956298.5783476	15313725.5894298	11795624.924165	3.83	1.52361717445491E-09
Q8GYF5	AT5G66790	0	0	84238.5811851632	2681386.67465492	1677035.29840934	2753698.00964524	4.99	4.90903369135811E-09
B3H5W6	AT5G35180	125907176.681798	155822934.061424	142911215.792875	572018887.187762	183327005.070679	584016075.59613	2	5.15492537981252E-09
Q9FLP0	AT5G55230	27420418.8299442	31640395.6156903	32631189.491725	1381747.35120646	5547442.15305263	6828394.0250573	-2.51	7.18676619195531E-09
A0A2H1ZEJ0		59510736.2880387	30813389.12657	33446229.0490226	160524979.734086	155074731.694918	172660781.878824	2.26	7.33308714468742E-09
Q9LVT8	AT5G47210	93355923.5957576	46102305.2623668	83781391.8179994	19872033.244195	12953193.792847	41479559.8436731	-2.08	1.42316398769208E-08
Q39219	AT3G22370	3686212.03998663	15573011.3945806	4198319.73669244	17776264.9259692	23052111.1539217	22362155.5920515	2.41	1.6525699350891E-08
F4I6M4	AT1G50890	265697.394990349	0	0	4628923.72716941	3452489.0120458	4291426.87123504	4.01	2.20662665073247E-08
Q9SWG0	AT3G45300	755337.956358819	708239.195852899	1565631.10059501	9418595.22451082	4413133.86951031	18337631.5278193	3.64	2.44337762772068E-08
Q9LVD6	AT5G57220	4534636.20430979	8990205.93559665	4710860.82451346	15157404.363754	29578399.0240707	23590312.9133473	2.32	4.18104220743246E-08
P60112	ATMG01080	34281.9873213955	113247.655384287	107737.874381481	2464298.78572639	2825612.25787966	4259468.33743232	4.71	6.5058668824975E-08
Q9STF7	AT3G46850	1949569.39424469	3047689.27354076	3500653.79440093	170582.323422127	0	171175.640708078	-4.16	2.27002085075285E-07
Q9LHG9	AT3G12390	40041932.5573849	255074508.352652	336233702.279535	34518764.9234014	67684040.8308755	68468433.2245859	-1.91	2.58812578078345E-07
Q1PE83	AT4G14280	680553.108207542	880143.003701403	1402150.35137196	15823746.9002151	9023982.26281509	8761688.13023835	3.36	4.88000841321277E-07
Q9SSB7	AT1G80240	480524704.770767	466358785.801196	68798307.8180828	167062718.01042	131043167.191733	90476261.7682552	-1.83	5.89638896215695E-07
F4HWC3	AT1G20970	217066096.995519	262334331.53935	245989135.184004	65182884.2557312	68852432.6146164	123561311.19277	-1.84	7.42969767073905E-07
O04373	AT1G51760	10064397.9034788	8401912.09542631	11753918.8313842	40820704.5786346	45790419.7041762	59430711.3830367	2.19	7.62043925437982E-07
A0A1I9LN67	AT3G45660	61403.1296043729	87086.9147858818	65444.8130590146	1047891.10755061	1227901.13681491	1018774.52810856	4	8.11214323938775E-07
Q9FT97	AT5G08380	8085563.78598794	1962148.60677429	12021084.4381215	733804.985584953	920053.710289198	898520.585989459	-3.17	8.77113548568757E-07
F4I0N7	AT1G75750	31022336.8227177	35906499.8412496	33764655.7181028	8211138.71584552	8775075.05187836	5494637.36642063	-2.04	9.66184338940309E-07
Q94F20	AT5G25460	341627742.42935	340559315.529271	99291624.5078888	135500801.886756	108274016.230508	90445222.4498701	-1.65	1.59262483446812E-06
Q9FGV4	AT5G47950	17753778.6491509	16628407.5367421	8455215.29051936	244434004.440132	2748436.15432283	1274383.09626796	-2.6	1.60659235364057E-06
Q9ZV49		23519665.0645721	42967001.3572416	18836075.7796779	110296026.774024	96216652.5745992	68055790.8800595	2.03	1.81275751254039E-06
Q7XJN0	AT2G40700	15895984.6670571	15107445.1154198	20455755.0158826	51749394.1358022	60856911.2987114	65568866.9041657	1.94	2.87208859536725E-06
Q43872	AT5G42180	68263179.638752	65680996.9665803	51946543.0986388	20729017.1246313	25806571.8512216	15735937.5970547	-1.66	2.95963005422488E-06
Q9XI29	AT1G15400	9666600.37933541	8733796.39488368	9606688.68257955	39428006.9268453	42011469.9181256	42149749.2102955	2.13	3.2293333033689E-06
O64884	AT2G44500	34034525.9564011	29775064.9528298	4186962.45437739	9740401.34960957	6770602.56459691	4163338.95986259	-2.14	3.51270866062596E-06
Q8GUQ8	AT4G34890	16599069.6594104	24906438.5281715	20983331.4744052	6112935.09252522	9678991.05206878	5921586.96655028	-1.78	3.98947152720994E-06
Q949Z2	AT5G26740	24098682.596458	124021057.934304	82406484.6524527	26812423.8449102	77103733.4188181	19489519.0842895	-1.62	4.25787407569643E-06
Q9LFG1	AT3G53590	0	4209022.30061544	226171.535911278	12265928.2457853	3363629.12915944	8578054.29546259	3.14	4.28396955348852E-06
Q9FLD5	AT5G40010	11779649.8158876	24941360.7720549	16599666.5086859	74914052.4614926	61119793.3756774	63215094.3040157	1.93	4.9798061177397E-06
Q9SIH4	AT2G36100	44256053.8609617	88243851.4647615	78358208.0944951	24091031.7198636	49786171.3240772	23506176.6587771	-1.7	5.06278162267329E-06
Q1ECK2		14059589.4686981	7312425.58535282	5736231.07468467	130114.643177461	1057130.95399373	1862166.41582145	-2.79	7.20900114544869E-06
Q9SLA7	AT2G25560	4939622.75414792	9479630.61064866	13713461.7320095	1288166.8542798	1112739.70238193	1481981.15741906	-2.88	8.97429025400474E-06
Q9LV52	AT3G24520	677649.880036348	516953.171003436	5715607.74648025	105308.606144187	5136199.31017243	6655572.64599344	2.92	9.18243346560063E-06
Q9M1Q4		675389.536370354	63858.2468614287	73738.2946442184	1323740.5052379	811044.988487896	958017.951614336	3.7	1.06463224872946E-05
P02663		9328601.70636189	35547581.711042	41097523.0714179	6411611.6928685	10414041.574131	13335814.9149257	-1.77	1.07442009108224E-05
Q9SS48	AT3G10370	263271330.541576	241221728.801121	262549400.680019	74454660.7252127	96495475.0694263	87477901.3011228	-1.59	1.22350047463016E-05
A0A1P8AXP2	AT2G31900	15539592.9855055	8135954.98307015	15777221.485626	45068759.9008841	54619071.5203987	67673469.9934168	1.81	1.55496546609889E-05
O23593	AT4G17520	94699767.6023729	61132298.2042722	89575572.2446894	27569756.4382719	30680669.3600737	47554297.8725996	-1.55	2.2635280434169E-05
O23523	AT4G16830	12145033.6260874	5696094.38482754	7876836.32879823	1148766.18365782	281718.564675811	1833189.4584952	-2.78	2.31183094475484E-05
Q9FVV7	AT1G71310	374550.862940151	237188.146660321	181448.536160754	2772779.98036303	0	3249710.63744042	3.66	2.36587402186425E-05
Q9SUT2	AT4G11290	14026164.1669533	16618924.7377821	27473406.7286206	57128001.8035058	57096051.8481623	94315507.630389	1.78	2.57953084120294E-05
Q1ECF5	AT1G01780	29808104.5996775	69906744.7904628	32176164.2509996	6357875.27602498	9462898.17227968	9792448.23027734	-1.77	3.1433658133063E-05
A0A178UE66		5577665.11701084	4587334.91809756	4432869.50480852	328822.306145225	826253.761709815	3229681.0061973	-2.47	3.47986634568128E-05
A0A1P8B9Z4	AT5G23990	11097279.0680984	10561999.6334582	15246458.7359693	18586009.0382651	43408888.8385267	88789883.6628471	1.97	3.72286075581609E-05
Q0WLY0	AT1G33680	4250320.55951365	11099470.7714973	11673324.9092656	2082055.77684473	2643353.98736634	2856672.62863059	-2.07	3.92187854612437E-05
Q940H3	AT3G54260	4219988.66074028	5419736.77954248	2400509.30669963	962599.185935497	525598.781265566	567632.284362253	-2.89	4.30658742504455E-05
Q9FG91	AT5G43730	5071408.02503578	17178853.6970736	18764247.8130588	3994104.88360643	3428153.11449688	3446884.94116858	-2.32	5.22486838500048E-05
O80823	AT2G45970	532744.435145437	345335.761054093	486971.280116132	3500444.31667605	3994352.46166812	5667242.86488735	3.04	5.3204206393085E-05
F4JN13	AT4G35450	1214948.66628423	8784420.27000939	5766088.19404643	0	13788137.6760664	31797894.9985134	1.86	5.40224581095847E-05
Q9M120	AT4G01650	108929.041414281	125984.590019699	171947.74749934	0	698163.640884164	2651643.8680512	3.43	6.52414241725014E-05
F4JWQ4	AT5G25270	532769.121910437	418230.282962693	158280.820954184	0	37801.9551044155	65966.1597637979	-3.07	6.52414241725014E-05
Q9LW27	AT3G26830	37966743.5648281	37228282.8615699	38013794.4022254	87935153.341051	153340722.508726	129395463.998724	1.77	6.52689340797197E-05
Q9LMM1	AT1G01600	5322047.19895538	2765215.35928299	3058629.83302201	17355188.0201325	17055726.6972553	6624642.55325047	2.48	6.54964143991131E-05
O22243	AT2G47680	995771.864754796	5114109.18647171	803802.257778122	5827007.4335939	2929112.23381725	6050445.80363957	2.55	7.66169903459068E-05
Q8GWA5	AT2G42170	5717981.01685747	13218844.665491	10972439.0443815	3425688.6624447	2709092.91107941	1833617.34548213	-2.02	7.89943109279454E-05
A0A1I9LMD3	AT3G43920	927963.15295395	604672.06823408	1321012.18528218	6434287.4169806	5419597.52248212	5364522.37732008	2.55	8.01795235756254E-05
Q9XIW1	AT5G13870	42246757.4910974	19332242.7745149	8314585.90445117	6051656.55515569	11996706.4096677	5487936.90402994	-1.68	8.05992190502365E-05
P47735	AT4G28490	1303591.08652959	926314.83921849	927679.48443821	933586.798946126	12364366.1989694	5308208.00021427	2.52	9.13935682549441E-05
Q9LH50	AT3G12160	0	490278.398868521	0	3931463.89033029	3974404.68053705	3914607.46290013	3	9.99740621451532E-05
A8MQL8	AT5G15230	3691982.82633386	14022363.5068301	7816757.38870415	1360185.60478751	3697614.58328299	901662.786271865	-2.52	0.000111765798283
P19171	AT3G12500	3103674.67186739	6371008.67931633	6076994.57182952	20236123.9150526	20994468.0558526	31201572.598775	1.79	0.000111796005245
Q84L31	AT3G02540	4524683.3235541	3088662.94811752	5354058.33630283	886012.308687832	860612.745176231	757669.321803915	-2.39	0.000112719897689
F4KDB8	AT5G51630	946503.168497244	403991.976876004	4633366.16475499	2455603.9844491	5468339.08234925	5920671.78113926	2.53	0.000129648461611
Q8L7Y9	AT1G07230	8689421.13401572	31748678.9211468	80817510.6973897	10237718.2807378	10087787.1072955	16658712.5491198	-1.63	0.000143335536678
Q8VYE5	AT4G29360	0	6060661.90947697	236610.727488069	7751440.98806651	7345260.54462691	5451275.72647048	2.62	0.000146615651537
Q9SII6	AT2G17220	412222.900333409	139285.334220404	0	2809241.05090966	2689057.38396654	1261066.85355776	3.49	0.000147734886226
Q9SFF9	AT3G05950	6936016.56588282	2858170.16808038	6216385.07898944	20813635.3548757	6300700.46257313	23404537.6494069	1.74	0.000157033857732
Q9LMA1	AT1G19250	1162205.52887773	0	0	4420319.36537404	6320326.0608533	8765734.94235782	2.44	0.000184863408375
A0A1P8AUH4	AT1G21580	561657.746032248	77427.6435269764	134616.041970585	1226879.69772465	885958.256670983	1264872.8208512	3.19	0.000193348050664
P54969	AT5G56650	8085309.9645591	14438173.5733745	9339081.09204631	26188294.6860711	33470510.4087386	43279473.0289214	1.84	0.000225018712599
Q9FMP0	AT5G12230	4953822.55757304	6326724.95589862	6184981.20755391	1421937.63524533	380693.083927965	1366527.41533703	-2.18	0.000236118750205
F4IV99	AT2G13370	2921198.87797266	1291803.20460232	2431861.86776197	8501322.96167715	11192907.212498	16266570.4325839	2.2	0.000265659133226
F4HV67	AT1G54080	1690955.40061881	1404285.96365803	1541685.28368366	0	162197.143524855	154530.59179239	-3.28	0.000266110738594
Q9FG37	AT5G06680	196353045.068186	248210108.972911	203171354.779469	75860813.8730323	61158736.5126174	77518172.4678468	-1.42	0.000278645138015
Q84JE8	AT3G14890	103002.585631557	4065819.71852755	243160.142609774	1576700.67180023	4305977.30503287	2098079.45378553	3.11	0.000279192411841
Q9C5U2	AT5G35750	2120532.96073173	692985.683025402	353537.824242342	3288595.09694073	4247960.55314324	4844115.22646798	2.62	0.000280694945522
Q8GX94	AT5G62710	14765323.6127652	22043940.4065276	13793113.6345745	3611905.99079802	3547731.08695037	3604504.00328456	-2.03	0.000299227522415
O23264	AT4G14030	359234681.369465	409387807.382357	97926922.2172764	153350269.202266	118027778.943847	141995289.936633	-1.34	0.000300186775252
Q9SRV5	AT3G03780	282165346.295569	277716624.773539	348084369.081325	110054499.444511	113259733.419815	110330706.444305	-1.35	0.000327313489605
Q9SLM8		8798718.31766315	7650290.58719707	1312393.69247347	3481073.47771873	973732.144378735	1440701.60790276	-2.41	0.000343341560739
A0A1P8AZD5	AT2G33240	2597121.26220376	1001394.72113084	1003655.89909983	0	0	131658.019415016	-2.93	0.000403016614977
Q9LEX5	AT3G60980	38750192.206177	8674441.51264337	27270741.9868791	7997563.22833424	20474451.8183438	8594993.68027098	-1.67	0.000414743534272
Q9SKT7	AT2G20800	0	0	275157.448668052	3163881.73201272	1920259.57048623	2561511.62843833	3.22	0.000433877245409
O64718	AT2G02580	8759525.88498057	6385111.93319702	12727243.8424295	27244720.2447356	30838890.2912223	30297462.7987418	1.79	0.000452715096699
Q8RXF2	AT3G58030	799540.782222069	930977.828271525	198786.853209369	201881.97995197	75311.9198375915	106831.070420454	-2.9	0.000474111041372
P60300	AT5G33280	3547436.78469731	5390580.96232258	3356889.29645498	413449.218033113	507460.272071927	1628833.01830421	-2.81	0.000496021534901
Q9C911	AT1G74250	265460.762486723	0	260701.668840777	2465702.93225909	2130739.08158291	1223847.22926223	3.02	0.000542794823837
Q9LD45	AT5G47120	14023537.6277722	13931493.398499	19976386.1935896	37789951.3941623	44372025.5145167	50295137.0972141	1.66	0.000568827295943
Q8VZJ9	AT4G00330	16710737.0020235	15437279.0754006	17141628.8508566	2394237.27739092	5386313.4224277	4187804.72471104	-2	0.000605341594189
Q9SJ20	AT2G21790	200556.979047499	1766813.16990625	1523425.43408087	10846095.6696636	2635652.89092508	8353375.09298311	2.46	0.000628282209144
W8QP14		1104331.30177216	1662550.40647875	1870511.87485999	8724112.08796531	7574977.56436559	10819994.6078038	2.39	0.000638154645171
Q501E6	AT5G25250	9482949.24379851	17729481.8418235	11362019.3900999	37248911.2055181	38605633.6289675	33814473.9362825	1.71	0.000654093926374
Q9SLG3	AT2G32270	4253150.5689841	4748067.7928903	3584839.81414013	1027706.70282985	806397.201420127	40089.3083664635	-2.4	0.000664427092844
O24658	AT2G43590	2702299.83655328	2781126.09203696	1143181.91546934	310422.718245742	314283.805433773	0	-3.11	0.000682543579272
O82504	AT4G11130	5281022.57306108	3932081.67782398	4653462.80771269	410529.39603687	1563120.61975724	1054517.19654023	-2.14	0.000693514562431
Q9S9U1	AT4G04960	266497.657622421	0	0	2506984.69874941	1749580.61702026	2496276.43708389	3.23	0.000719242035085
F4HZE0	AT1G09130	322938.250156166	1419335.6125433	379182.040729467	3178927.66557309	2977590.43897786	1024819.74570573	2.97	0.000726019170668
Q9FKT4	AT5G56140	7446605.17350202	8176137.53123274	10350983.7132037	1807893.79553782	1415019.53057433	12185589.5492093	-2.18	0.000838788496387
Q9FY88		1106844.30223655	2856317.63132656	1340028.49139186	7158926.35668318	6982423.49555264	1477709.10116913	2.38	0.000854819189794
Q38896	AT2G21060	10050600.7986572	13944896.3492209	14898429.4780093	43180065.8412228	39809589.181198	49579382.8351517	1.63	0.000857015379499
Q9SR71	AT3G10070	3888741.06991037	3545138.24286176	4139907.0725589	672132.401533714	134847.125769668	1470544.60637169	-2.53	0.000889466652333
Q9FFE9	AT5G16340	3438088.71435039	822946.549164791	5331470.23382333	405636.696582392	3050041.37568332	521566.774857897	-2.72	0.000903791968537
Q8RWI0	AT1G54520	947572.673285331	1745854.13827908	1688725.97518082	5870271.20680066	9633959.44057342	10567015.4527498	2.51	0.000918581214226
Q56YT0	AT2G30210	305427040.829085	362285812.44946	292777072.881828	175317384.09249	129259101.148683	123957996.695097	-1.24	0.000934582503029
Q9FX85	AT1G49570	4395459.79759017	4229000.54456943	6356240.03462317	17246400.156879	17970764.9141678	28261365.874379	2.03	0.000992501062293
Q9LV23	AT3G18170	5307531.24512035	4565474.97173096	4331300.40256095	680569.689026142	2197340.9672749	1078507.09862757	-2.08	0.000998167624546
Q8LGA5	AT5G27420	887492.691377893	3728924.15804932	1322106.40958427	7192303.52841745	2743921.8191341	7475463.91388652	2.44	0.001001186912834
Q8RXD5	AT1G73260	7272359.50840903	5334560.00421449	7710312.62095285	21350378.2028616	11172024.1942547	28529480.9759117	1.55	0.001022133511405
O49596	AT1G20693	424189.520634612	6569517.12233175	3584429.38578665	31770821.1888599	3800175.60521263	15958748.9330324	2.15	0.001138628430959
Q43387	AT5G64120	703907.178941	11122458.8016176	771022.796320765	4272294.38758711	8548925.86763307	2905970.56174758	2.47	0.00116224213989
Q9S7U3	AT4G12520	4531043.90596044	23786439.4592044	5672753.70740547	900780.731536322	6997379.93339875	1391657.0770292	-2.03	0.001170777866924
Q9FN19	AT5G67320	21423413.4754346	16338926.1030591	26806355.9683785	59733930.3811207	43413400.6438911	64649448.3036088	1.48	0.001200782437813
F4HR96		2052960.96644403	1737810.58327091	1523481.68318674	3190386.93531257	12629472.1666106	9600259.52246869	2.47	0.001255659264161
Q9FFP8	AT5G63660	1884662.82249316	6378596.73473825	4001989.88114009	688277.010609865	3630476.4332263	812498.703805939	-2.3	0.001256698118264
Q6NLP2	AT1G34360	10388102.5569747	10156102.7863726	8346660.74970522	1008389.68693926	2384334.69907835	2938351.12448643	-2.09	0.001260733062318
Q9FZJ1	AT1G27440	3691886.52754808	0	0	370819.350535906	574708.060820453	801474.74545508	-2.68	0.00130506659266
P19172	AT5G24090	83569251.2395871	16141374.4457102	834239.973242932	182346093.375094	4291555.82771896	2412474.23682165	-1.91	0.001341224742543
P42804	AT1G58290	5779698.83895845	3221744.51862733	5817230.51920334	7080147.66633482	1414735.98592411	1520464.6457874	-1.93	0.001408426724227
A0A1P8B3U2	AT4G16260	43263434.404287	25138542.6422189	38706237.2413542	108988614.183894	74696373.8355081	130622900.38508	1.49	0.001517906937178
Q9LU46	AT5G51280	253396574.054566	216645801.822355	267633891.317086	111668606.507492	100215543.545873	106216494.427912	-1.25	0.001556811358797
F4I1Z0	AT1G63110	4220084.2794499	58809121.0858384	18157018.0424657	3604179.92144461	100523513.488869	7061717.6228034	-1.36	0.001667984707815
Q84K84		3779238.23122889	925032.563955205	4032799.2690185	481659.662569912	778638.810430919	692448.484751257	-2.45	0.001701481172804
Q93W30		5505268.74737709	2002256.13942638	4941963.57574476	1355937.1165906	1850322.38393669	990983.893581669	-1.87	0.001743411567966
Q9FY71	AT5G09440	82400806.2158653	91092308.1168367	65755290.8378415	57038607.3785479	32775282.8040616	36459919.7788583	-1.18	0.001769979253114
A0A1P8B395	AT4G11460	4179081.09295688	2746690.59364291	5322781.38592669	15387024.0489109	17071397.8688383	25188702.5764555	2.03	0.001850186705743
Q8LGG0	AT5G64350	1744059.76048342	1651791.446273	2441682.07879342	4990416.20281591	8500134.50914819	8541339.19059864	2.29	0.001875512718285
B9DH36	AT1G17890	4577176.12492213	3246278.23362649	7333530.55300015	16164808.9808324	17699187.26684	20339498.1787443	1.95	0.001879110384549
A0A1P8AV11	AT1G08040	1091712.9984803	831975.907663628	950229.366371411	4603480.68235254	4731110.92647567	5095911.69923115	2.32	0.001905226569865
Q6NLH7	AT5G19300	5423246.10356867	1994431.54861101	4825685.81307431	1344268.09251508	1110253.93597448	3347507.01476661	-1.84	0.001934255420037
A0A178V841	AT3G52100	1376553.9426117	2969861.52617192	3150151.84847389	755392.756115074	333337.624508531	509821.009092005	-2.54	0.001983759898718
Q9M2U5	AT3G54420	1176840.7000655	0	4042277.00297646	338012.356667743	244590.065819767	1137753.20165169	-2.69	0.001996472519283
F4IBR2	AT1G72270	480231.12948086	472609.331693097	712618.611073423	1028442.18585013	3051864.25029125	3251801.79538907	2.67	0.00213639352341
Q8W1Y3	AT3G44730	6147734.47867197	17461223.736391	13361715.6515759	3956306.15292631	3976646.11457047	8503681.74971235	-1.75	0.002154904426602
Q9FJ32	AT5G41820	2433731.21097557	9705859.18552266	0	1353391.93769878	9002774.37621507	300546.818349952	-1.84	0.002309680490719
P10795	AT1G67090	13408873.8183849	13173782.7723077	13145333.5251752	12883851.7783516	3965030.51400502	3355865.58077812	-1.73	0.002346349902795
Q9FEA2	AT5G64050	48908763.2918648	51490748.7895019	36918322.5456679	31827141.8624006	19628695.0964503	22006418.4360589	-1.15	0.002486664406242
Q8H1Q6		1707238.78741219	2796605.13713827	10071171.1702634	9670703.14567328	10727221.8702182	12687429.7275068	1.94	0.002596466676083
O80704	AT1G61990	7646628.64129448	1694026.0234507	6964526.60659926	4345668.6819975	1361464.7951615	1614881.32249516	-2.11	0.002715776367849
F4HZI6	AT1G15200	10034251.6314962	6969411.03903928	7162132.91694858	12906772.7745067	19878134.3683514	21922096.2403089	1.47	0.003039713276611
F4KC69	AT5G63960	32162442.8683799	29578642.081449	20328726.5499787	17685792.6343747	11724143.6876894	11571888.6393583	-1.34	0.003218590954388
Q9FY75	AT5G09400	11868300.6350737	17066312.2265542	18028636.6260403	40611312.5190423	46211267.034628	57126077.8683089	1.44	0.003278932088203
Q9LIB9	AT3G13784	2648288.54410921	2583425.86089405	1644128.21382413	504276.905299384	0	279747.081932566	-2.78	0.003343361731165
O82264	AT2G47970	3668923.55161854	7899916.77856817	9535904.27454698	8809319.170978	1851304.52009891	1356583.49355539	-2.09	0.003545297864435
Q9SYZ0	AT4G34250	771200.801050089	545642.295444369	465915.233702756	502716.416316409	3405538.89858509	3118498.52578916	2.51	0.00372170367207
F4ISN0	AT2G25730	116487240.516173	114327744.300941	136212575.754122	264330352.677611	231478976.134404	269360445.511719	1.18	0.003801367512529
F4K5M5	AT5G20730	34155516.9392928	1129596.35528144	9618294.39844552	11320680.3132741	814871.517973098	2475928.99619843	-1.96	0.004016264144055
Q9MAX3	AT1G78000	88261462.2998039	175313081.618594	56901470.2958934	138271301.696956	213064105.896842	280391757.992295	1.27	0.004043417700028
Q9LFS3	AT5G16010	878162.875157501	844163.647241986	501818.028378949	569534.591724843	3969810.13045876	6827497.79521846	2.23	0.004262973538921
O04193	AT2G39900	26160795.6199628	15940595.7697792	19095909.0619728	7157529.17420262	11253924.8224767	8517344.44834876	-1.16	0.004638136336346
Q9CAD6	AT1G63710	822565.458062204	233071.754998858	1253413.46743177	134987.345704916	0	155236.061062204	-2.51	0.004669299692474
Q9FIA1	AT5G55050	9846037.7629181	19337762.5391134	4054304.28119724	2963944.26323781	7142546.7475214	2302690.8749854	-1.73	0.00479085527792
Q9LK88	AT3G27890	23765881.9836844	22298552.7217542	24036349.8253857	59707369.0906564	59559450.7851415	52458540.3921122	1.33	0.004800199510312
P57750	AT5G18070	1861747.23087082	1555504.09665304	1717974.46129779	271390.132406783	0	203664.296948073	-2.87	0.004966321249482
Q9SH66	AT1G64160	9171189.43966541	7137437.25037755	10972391.2304562	28234009.0720517	19102428.0718339	32503104.9353273	1.62	0.00498171854718
O81027	AT2G26800	1263456.4933219	4769212.49424171	255014.477775454	1232161.988533	5734611.88278454	4946854.17835482	1.97	0.005272008680014
F4K0J3	AT5G60930	674644.810458579	2091049.24525099	1525291.05127829	10444238.4651563	1688804.04091398	6127961.8583857	2.01	0.005624084120189
A0A1P8B3K8	AT4G28400	1532183.66165693	1031540.98807236	2521867.51745777	4262285.03558706	6021960.6102939	8896136.87727458	1.97	0.005868061205029
A0A1P8AMM7	AT1G02010	664505.554828286	0	349540.466455403	2754084.71692207	2865092.5008374	3420045.30510085	2.57	0.00592324806522
Q94K73	AT3G58140	1613531.43187726	3566785.84591465	1068094.47269067	7099241.54629141	4527014.51229589	8312570.8401574	2.14	0.006024492033543
A0A1P8B5S3	AT4G15230	5192640.80901008	12821520.2834487	8985234.79368648	2024174.35407996	2415992.45295025	5180518.44668263	-1.89	0.006101276297298
Q8GW64	AT1G18440	7287502.28845067	7602450.64917536	8547276.63306247	3102167.40528716	1937024.71592436	1035288.62258374	-1.97	0.006212962236561
O04309	AT3G16470	870972422.688453	468684644.153911	565286704.504787	1577407485.18147	955203011.947372	1189969614.74089	1.07	0.006222092074343
Q9LVA5		6826356.85063064	5602763.41083725	1116944.91994345	1174772.51515617	2423024.62493411	0	-1.73	0.006462943979853
O81888	AT4G33720	7242644.19219496	2611819.25273547	9005286.22320204	19434658.9885689	11761814.0554439	25244695.0723659	1.42	0.006547074389392
Q9LVE2	AT3G21650	750934.718181525	693392.312709822	353421.873288288	146615.345371588	133283.295436902	136082.426532128	-2.35	0.006611380324659
Q8GUH1	AT2G45910	892061.693871341	1117261.94263991	2480064.76193409	1344407.26946162	194753.306105724	213916.197441071	-2.38	0.006651089528869
Q9LFX3	AT1G27150	1018369.11272159	1940508.76503899	1914425.73100407	331596.663769665	326068.213388693	202905.430091119	-2.55	0.006708066967074
Q94AZ2	AT5G26340	1376531.02404475	3402062.5662363	1097119.36096334	3290868.8599675	5173287.46806146	5179713.2762965	1.91	0.006819059921471
Q9FE29	AT4G15610	20845911.3232762	27656936.021697	22398070.185551	70924625.8386646	56394922.4942863	50277646.8686718	1.33	0.006852966063637
F4IXH3	AT3G15120	906982.548056547	5506635.03623285	4135229.37156567	321716.6203732	1714686.41030913	1143452.54497309	-1.85	0.006906750278115
O23547	AT4G17030	633702.414274278	498965.2139911	608114.688781759	3390189.98434846	1019325.59092412	3148203.95873721	2.37	0.00701687119863
Q8LPL2	AT3G16180	8844533.0430645	6888993.58813908	8835699.2336308	1144258.5785908	2374162.10054649	3180663.4545559	-1.9	0.007260174579893
Q9LD40	AT4G01010	12237.4096305066	3260565.72112367	16721.4002270239	0	1290823.76284955	4931.00906497135	2.25	0.00736377584331
F4I3G8	AT1G55880	6243270.62703777	2939422.75787332	4969612.9614068	1739775.53881243	1588886.37398364	572214.568025664	-1.65	0.00738896799193
Q8VYR3	AT1G60790	4084090.65471243	2694498.38326247	69506307.7197952	698429.869968559	1033051.47359478	16415923.0995089	-1.98	0.007412614359275
P93046	AT3G44990	24884703.9234562	26540618.2143039	16065730.1971507	8687730.75529531	13176774.1935284	9751802.10327668	-1.35	0.007631264202715
Q8LBL1	AT5G55630	686530.280670702	3146468.88255766	637807.147299418	1325250.60893924	3481518.35634178	3651859.96659585	2.34	0.007707610002156
Q9C9U9	AT1G73620	32054322.3185194	62950534.601659	44152815.4137861	18802716.6420619	60335178.0500102	20683538.6768862	-1.09	0.007807404878879
Q9ZUL7	AT2G02130	16566172.2582923	26021069.7431728	28077713.2283742	9405848.21929272	16216208.0549675	10164603.6122897	-1.36	0.007917540381454
P21276	AT4G25100	4962346.64929962	1021213.09250194	1543620.08684425	9581829.44236054	1790662.9587679	5750264.86418566	1.9	0.008285094412234
Q9LTL8	AT3G26230	4633003.27174792	4594327.22111645	10493845.9964702	650970.23972733	2030944.71439546	1454925.14738998	-1.67	0.008310720321226
O82659	AT3G50360	6535575.52615691	4668301.72244905	8762522.24999408	18299555.2967216	11001141.4342535	23985058.0194404	1.49	0.008426706606322
Q9CA57	AT1G74590	1956033.92629374	1560290.64377031	2054693.80288561	8033561.84001572	4913267.22561072	14505454.4426334	2.04	0.00859128311429
F4K6B8	AT5G56040	861073.343073171	1282802.39930455	1298918.81925657	100340.218164778	238107.274366445	1002128.71058337	-2.43	0.008919044882207
Q9FWS4	AT1G75350	1002482.41435863	3102811.05924603	5284248.60683278	873119.422712155	625503.623932874	650911.788616869	-2.25	0.009084754436964
Q9CAX3	AT3G11550	18605527.4848483	23583868.6052834	25760566.604414	9076416.5533796	14412121.089675	7717088.46828464	-1.38	0.009164574669633
Q94AS5	AT5G15860	4601985.43964774	3049888.06009598	7820314.93704871	9713746.41138127	18588386.6759853	16517925.1002962	1.84	0.009344441959987
Q96330	AT5G08640	1741267.9117871	1292860.47557258	1799839.68095276	223980.36956738	675814.540825791	264561.020036979	-2.72	0.009677746139386
Q9FE06	AT5G64260	30604518.0346263	50192929.5183594	18011586.2414777	29584733.4758975	14035714.608101	11781626.9456	-1.12	0.009914451738696
Q9LTT3	AT3G13350	5879064.30072006	3704892.13567563	6535080.11137369	1810430.72999122	1270786.05619576	1890317.96963578	-1.7	0.01001523429079
Q39100	AT5G46900	7143852.06014819	22484782.295707	8630857.55971041	2097240.85612271	6589628.65667525	2455379.93034475	-1.81	0.010046938133875
Q9SLK0	AT1G54340	10236095.2126475	1471483.72596825	2085193.86438735	7925412.83746258	11157706.0310719	9203648.08709284	2.14	0.01022825098185
Q9LTD8	AT5G52790	7001973.71930298	5670690.14566316	5013072.14820485	875706.968856964	4158075.23517927	1815030.74741864	-1.64	0.010286324992861
Q6R8G7	AT1G14040	80639125.1037319	54746066.8970246	60061656.1372387	143135413.429144	131166122.14177	176786507.572073	1.25	0.010461795738012
Q39034	AT5G19890	6868691.30322988	8326744.705978	14173621.9981893	22691853.3148983	14656696.6381955	30168489.2207178	1.45	0.010617579372133
Q1ECK0	AT1G03730	0	276857.159588337	515031.23617485	1981394.10885876	1025722.91323748	2675469.84858238	2.39	0.01070536446902
Q8S8P5	AT2G38470	1318896.88082936	3770967.95992855	1602560.49608529	2638011.72644524	6046841.70443321	9383764.57782966	1.92	0.01070536446902
Q9M3C8	AT3G55230	481636.013832571	389965.317168375	763221.510801506	160818.373585597	99421.7240724598	21826.6272748736	-2.28	0.010905236999919
O22224	AT2G41620	131301671.511128	124970211.363961	69823043.4192515	61255944.4957785	68328625.1678612	56873872.7653428	-1.03	0.01102491457721
A8MRY1	AT1G47570	433363.969203311	2205421.81650423	0	5391876.07119391	3995199.79711712	2260302.58029634	2.03	0.011132757110224
Q9M123		738477.26990596	731382.832471291	1505365.12239015	150670.182952447	154626.683316872	874878.843233162	-2.26	0.011314992936405
Q9FXB0	AT1G56580	20388606.7176422	13669434.4105462	18826085.8816585	5974355.2744178	9027062.24602323	12124800.1821719	-1.06	0.011430303178856
Q8VZK9	AT1G55850	40800561.4958446	66066940.7649552	43870684.4636432	105988910.06458	111499905.691208	107456798.492838	1.29	0.011574569837944
O64635	AT2G45550	6512254.79615773	6733630.91154694	16305950.2422653	18329797.8330364	9460750.4098549	24266354.2234371	1.44	0.011751254423569
O80866	AT2G31020	8238533.72712921	7728168.27098893	12761609.9045405	20969608.5126001	19548302.3407942	20439609.0262392	1.31	0.011798981583271
F4K4E3	AT5G27720	28669842.5975542	49073023.7647169	47940920.4518184	23230915.421262	37040531.8065233	23873163.8274069	-1.01	0.011820790867101
A0A1P8B9D5	AT5G66560	187949.27644295	113986.722892665	758367.796434846	982737.272943187	721231.687809827	1195884.57161956	2.39	0.011890846142092
Q8LEZ4	AT1G19520	175937002.951438	210775056.249965	188648832.19484	84926897.740445	108989501.208427	91496362.4074196	-1.04	0.012149312219652
F4JD91	AT3G07060	7783963.14671504	9842817.52889267	7458265.55667192	1218322.42867007	2150759.11838717	3483405.96174674	-1.86	0.012245281886069
Q9SFF6	AT3G05910	42696139.7874065	49364177.6356268	51854910.9341512	24443769.8510664	37407801.5698983	16310245.8625564	-1.01	0.012277995213719
Q9T019	AT4G11210	2554398.57112052	2167814.06169552	3929654.18657786	10081694.0324784	16725059.94445	8778935.08348681	1.98	0.012639565007177
Q9ZQH0	AT2G27490	8262419.56642251	10685260.8457704	8346414.74727824	17439265.8024554	21574290.8570018	24581811.0066857	1.37	0.012661523806287
Q9SAC9	AT1G10730	7810468.92845059	17728587.5902016	7116695.59288857	22788067.2853211	16001702.3869255	19444970.3529304	1.32	0.012661523806287
Q9CA59	AT1G74560	15904674.0002912	12393491.4109363	19911911.0384125	5487121.3096929	5772280.18775927	7186473.24845437	-1.46	0.012732960501642
Q8LAH7	AT1G76680	2374856.62582657	6509981.24827698	1733757.71128243	9802927.31371192	15427553.9037734	6913661.49624166	2.05	0.012755286883811
F4K6P2	AT5G07390	615434.352690731	2352502.29077159	826426.176995969	2271406.99112314	3653282.33197701	4516702.1927028	2.14	0.013126659730419
A0A1P8AYN1	AT2G22330	0	526117.946015024	1008765.17103004	3422176.61495536	3172659.00010801	3811623.76082007	2.23	0.013127334504392
F4I4K5	AT1G23010	4288117.36538139	3634094.30467708	10146191.3829045	1334875.84505841	659109.90683818	2251958.57631891	-1.68	0.013256866738508
Q8GY58	AT4G39000	0	634871.386685273	0	2805130.03247761	4000521.88573512	3031471.32315062	2.26	0.013339560467753
Q9SHH6	AT1G17170	1517251.34818824	3854677.9201479	1412116.70299995	5489083.01760263	6498573.19768541	2237971.17132787	1.86	0.013351247633675
O82656	AT1G71860	137939294.540944	113248148.856252	99508500.3436618	58351737.6220467	50535215.1993461	53520899.1505212	-1.08	0.013496674928626
Q9LUC6	AT3G14680	41194133.9447655	61725213.1751786	50022514.6028846	118333634.728339	97961358.0645694	124755186.951524	1.24	0.014014779624391
Q9SH31	AT1G63450	3217456.25228215	3791927.07603264	4428625.34150422	582687.843727965	1041252.84278545	1173573.04263198	-1.86	0.014255484614525
Q8S8Q6	AT2G23810	106342353.166609	123618298.644736	147381460.643253	257099596.973901	185573387.498758	281101648.781748	1.06	0.014513772722985
Q8GWB7	AT5G18480	95623710.3830318	109007510.474656	134501068.186312	203076352.234985	232678062.441426	250359613.84444	1.09	0.014650132796631
Q8GUK1	AT5G12290	17893787.4606026	22182283.7702224	28951723.8871697	35242436.2866507	51038815.6212282	55340755.0622058	1.2	0.014783831597165
Q39214	AT3G07040	4442547.19203468	20307646.4797518	9804512.67959092	3723659.9052788	4415820.44558425	2464481.97024994	-1.4	0.01482888807496
A0A1P8B6W3	AT4G31780	1091645.55192606	1190788.31499807	932707.901010333	0	235283.328834635	0	-2.21	0.015786179940559
A0A1P8ARJ0	AT1G60960	1882309.48691176	1915934.87070179	1651684.3437124	7624749.66056894	4895453.83775617	8408540.17037832	2.02	0.015819365921612
P02668		0	3635360.10693975	1827004.39337508	517538.625797867	818460.579665127	356726.33564805	-2.32	0.015956306326221
Q9FJY1		32021718.7868156	26520220.3734574	30288394.4118347	14450652.3994187	19019178.3467091	11604533.819288	-1.07	0.01647022050649
Q9FXB8		71121100.5573831	74442978.7288746	50040558.2955213	35640806.5413215	47872410.77484	37150181.1333394	-0.94	0.016596715697306
Q9LE15	AT1G14540	666301.704002957	160565.652717267	1194104.86037224	3118447.83940433	2540484.46309705	4609683.17956764	2.23	0.01661546785247
Q39141	AT2G34420	4873941.30360739	7946018.11809032	5791631.80024474	14610906.4401536	18857338.1321985	17279382.9606537	1.58	0.016743696019763
A0A1P8AMC6		558980.923719262	1752687.60355742	4852813.7253823	4761623.37653843	8328344.10657942	6539474.05611939	1.9	0.01718775248918
Q6NMS0	AT1G69920	3367555.00534082	4761852.69547447	4638101.53528606	16080179.9974253	25172080.6762858	8956118.35263277	1.79	0.017344583465021
P11832	AT1G77760	197328465.377249	35581649.1434684	51170152.3041684	31105468.4430335	25025545.3148038	26174377.9542608	-0.97	0.017557358035435
A0A1P8B2C7	AT2G27720	1898222.28319778	366354.760739271	322196.08031574	1842966.09459663	609778.567092936	1860238.1563474	2.33	0.017577977653394
O49394	AT4G31970	11384102.4002638	53884345.5357355	61578760.1341627	25453735.271913	37199335.9983876	27554752.5189347	-0.97	0.018061612842296
Q2V3L3	AT4G06634	390606.95127535	1333808.97602532	391913.875058367	1978925.5865888	1321338.85347919	1883998.95048354	2.27	0.018351263773311
Q66GR1	AT5G53090	4048094.98807826	25008884.1929158	13013948.3759025	3301550.86237381	10017057.0348993	4790560.59371117	-1.44	0.01837427640335
O04086	AT1G11050	2194062.30326221	4489788.69332288	2411481.2258222	9536533.83146928	8654095.43028801	12803627.4835865	1.98	0.019186767541367
Q9LZ25	AT5G04720	0	10934047.9278332	1424357.12250049	495063.495534678	8139777.46626611	1126819.75226297	-1.81	0.019259966958545
P56764	ATCG00170	29744372.6724901	20701327.8365888	24882235.8110568	61093050.7045319	31213301.2668723	57715341.7115285	1.21	0.019430896850674
Q9LEQ9		20836272.6717153	11134373.3005781	11602753.5878807	4289148.43475307	4618676.07826048	5142053.36339587	-1.33	0.019771521799076
Q9LM78	AT1G20760	30508945.8932291	50145799.8834527	78648917.1971789	59162620.2579774	10714688.9407772	25466533.6499262	-0.98	0.020561982959161
Q9FUS6	AT1G27130	8579901.56546044	5947213.07229286	14959493.1489537	18348940.315623	20991043.8414021	25262993.1302678	1.29	0.020586880420645
Q9FN75	AT5G17760	0	225257.428130025	0	949925.985096681	1162762.09281684	2499431.01821125	2.37	0.020663642028267
A0A1P8B5L5	AT4G15300	319928.403043297	440868.18262277	513760.845529734	442795.504778453	3052862.285426	2282744.12892909	2.37	0.020847242429312
Q8L850	AT3G09920	190294.829402668	202715.478418725	508570.155531853	1206753.10556686	767729.347064868	971878.110186383	2.26	0.020909285073587
Q9SRY5	AT1G02920	44031384.0246941	54086211.5775417	31521343.2897975	101611959.474497	111638237.883432	70889431.7977927	1.21	0.02118298411439
Q8W103	AT5G63950	35536907.6431379	39236191.9962671	42743378.1808683	16436605.4120724	23597841.4594011	19162984.2284265	-1.03	0.021241633518606
Q9M1J6	AT3G57020	61276111.4549184	98090585.2172389	17910645.8551976	31659561.3421297	98844139.5430637	22747585.1509837	-0.95	0.021414907205978
Q9LDI9	AT1G69250	6899694.5817	1219268.33792735	7635418.02912961	1545376.89612416	2026851.53656714	2891887.54277318	-1.77	0.021645501405912
Q9SU64	AT3G48010	0	349508.034202258	191629.558764459	1123777.58227986	1769843.41965353	1370863.15711615	2.41	0.021682243757343
O48963	AT3G45780	3870791.30097666	1401190.77131933	3637670.90178825	2457968.43109366	943765.578031422	849352.885443246	-1.95	0.021845603918184
Q9SJ52	AT2G35980	13954335.7799355	25384164.5744885	12674781.6518895	34984814.4496808	36738042.7424036	22931594.5242073	1.33	0.021851215415309
Q8RY60	AT1G47330	5205737.06983477	3314241.49416338	3567799.53649726	10945785.8783989	10670944.3725142	4874882.12471782	1.58	0.022215614692558
P04745		1276118.18547346	2426364.90241539	872943.5975232	0	0	270938.546990878	-2.24	0.022690626311815
F4J865	AT3G52970	2087792.73371761	8563239.48714703	4232723.97564412	523288.621932189	1937815.42223008	1419947.64010388	-1.58	0.023244151038365
O80358	AT1G52500	2276146.9360136	1762728.15086326	2219561.22149982	8641547.20173089	2543850.08292547	15150951.4811768	1.96	0.023274204709276
Q9T0K0	AT4G13290	22603580.4025485	14980648.8077352	15840623.4825998	36178817.4089193	40011319.2366758	39037687.9137226	1.3	0.024213569175625
Q5XEZ1	AT2G25300	624770.336351897	429056.164733447	2594914.34582076	2807429.689495	3005863.88151202	197844.822038882	2.17	0.024426733179094
A2RVT9		14576869.6177921	14499080.3178689	9601233.48083353	7957516.97213623	5390147.89653412	3884084.44236786	-1.43	0.02455282349457
Q3MK94	AT3G03950	43379138.4495242	17041589.1987633	60612899.8427454	26083339.8308749	21916043.2413782	22448287.4684866	-0.95	0.025178980917286
A0A1P8BAN2	AT5G07130	965568.066829152	8123499.91625873	1228075.67089899	8279542.73813086	3446480.32912089	4337360.30454448	1.82	0.02523408863579
Q9M076	AT4G32840	11981837.0735317	23414109.8144265	15308021.0877979	13294674.6222661	5537552.15535193	3704055.36538194	-1.47	0.025458901421759
Q9ZU91	AT2G01630	2553857.16248095	9357138.60298827	4317099.42637564	2997067.65824959	1467509.49214213	1028255.84564301	-1.56	0.025602277584306
Q9C801	AT1G33520	12351094.1555508	15905409.2398321	22396573.8915913	6936368.32450221	3975707.30651392	12598340.7246866	-1.2	0.025780448123127
Q9FPF0	AT3G14990	35294887.0065231	27193229.4598288	69104245.9072716	82785164.7730683	67252787.0390983	158343129.253335	1.23	0.026089853261788
A0A1P8B6F8	AT4G02120	5658734.92309828	2008811.54890203	3777140.5488615	1782808.78003279	731867.73068779	1179300.04031552	-1.68	0.026089853261788
F4JSQ2	AT4G31600	512417.927509099	404579.376622946	782196.547899362	2609332.5729946	2541027.26608449	2776253.58253623	2.35	0.026509728859404
Q6BDA0	AT5G04240	5664754.51531259	1980419.65652604	0	825697.412926034	831390.170956481	864486.183335202	-2.01	0.026988981409897
Q96287	AT4G00720	0	0	196630.61563163	917269.722880422	967722.936028781	892470.050445467	2.22	0.027604458051426
Q8L6X7	AT4G22290	830854.073414642	725689.235477834	2264907.17900519	1252630.59736703	3478640.31149096	3830903.56156119	2.07	0.02886208668704
Q9LZN2	AT5G01990	7844174.21755487	36577813.8136193	13759321.7110643	9177997.13273102	45594559.3956203	33963521.4029157	1.3	0.029003691490884
F4IBK9	AT1G65820	3842833.51411171	4380754.0923229	4145106.48728697	0	0	11546900.479714	1.48	0.029032639403143
F4J3Q1	AT3G04480	898035.091911753	469318.828700947	825796.575990079	3470271.21268987	2031096.25086924	4922043.97258346	2.07	0.029139417870972
Q9LEY1	AT5G08260	1430087.22651723	3945922.96875642	3375399.31690625	848607.041749336	896663.13022928	792814.302868467	-1.99	0.029455767407953
F4JY12	AT5G18525	23551934.9679084	20212085.1670743	19418532.3426657	9833960.10859617	10488876.1501842	9384905.98371294	-1.04	0.029495587450125
P42760	AT1G02930	2251183.10798198	5123759.13358988	1816193.33270949	8360062.58725159	13837085.9614968	6627637.72061253	1.89	0.030846400625705
Q8GUI9	AT5G49900	49416064.8533239	43350596.4436364	38884380.9349436	96777536.2077298	96408838.0506902	130240715.750052	1.16	0.030938959166994
P50546	ATCG00190	190886.278896975	0	0	783483.889568987	977839.644904461	631263.927790572	2.04	0.031041972945282
F4I321	AT1G22910	1746693.08342433	7073527.41451323	4027276.19247729	1037125.28668703	1455200.78783732	1354526.67375556	-1.57	0.031041972945282
F4HWL3	AT1G28340	29811595.5836793	27566242.987563	31505487.8053841	81268571.1892973	69116228.585735	66647074.5982325	1.21	0.032134716520735
P92995	AT1G18970	4322053.50634184	6357692.53919582	4366838.58327778	9442852.94393136	12480239.0783677	12469955.3302771	1.51	0.032348583834603
Q9SCW1	AT3G13750	20167379.1294178	27390215.121772	24287735.9954518	10385857.1400352	10969621.6141848	17411139.767163	-1.15	0.032381670590056
Q8W1Y0	AT5G16270	11139646.0113367	11633634.0148571	12302237.6612364	32089831.3745388	28311704.5207777	27844738.5700247	1.28	0.03312454913089
Q9M1V2	AT3G45070	9424964.69133613	3057540.55029338	3496623.08924198	3184076.56719723	517819.649475671	984291.049772997	-1.83	0.03312454913089
Q93V74	AT4G34180	11581777.7775624	8269314.48266727	9467444.05378257	20897092.9097619	24050773.8018538	30489578.9975919	1.35	0.03313076497475
Q93VS6		2043575.64325668	0	1155451.25714999	304203.434519494	315236.381572409	1094092.52586561	-2.29	0.033583113368362
Q8GWR0	AT1G02410	377237.80988713	1078946.05999705	3169593.2789447	3960166.11155308	2431282.65245834	4748647.61129262	1.88	0.03396876987064
F4JN35	AT4G35580	786209.266047997	1309087.07811335	928654.94970151	2651131.45939318	3729162.46494082	3774397.42677132	2.01	0.034023078316228
P56797	ATCG00160	21896718.3521521	18815563.1397986	8624651.38651018	12853066.8579214	9823661.4270988	4100834.19144333	-0.94	0.034631613407347
Q8LAS8	AT2G41530	5634495.47819997	4861950.03894445	5053770.75825548	16599391.9943907	15920839.6483005	15496479.2594778	1.66	0.034789632001049
Q8W4D0	AT3G44600	15465474.4844873	16321832.112559	18154258.9298559	7631208.05382863	8247704.71251717	9356134.22954373	-0.98	0.035161267358176
Q9FKH6	AT5G35735	1937024.35215832	2542647.41249382	2383568.64504319	8347087.54836177	8899358.68234605	10716779.8658622	1.9	0.0358160383847
Q39211	AT2G15430	10040270.798663	8063575.84960869	24520817.8891739	25745863.4980298	22252001.2092153	28740760.5103902	1.36	0.036306242335797
Q9FNG3	AT5G06450	261935.162607832	226501.20303418	2202393.79334316	664642.724796537	1319528.12202775	1190780.52674386	2.18	0.036656388654422
A0A1P8B7U8	AT4G03340	750781.429012629	1167226.55983329	221985.544759205	189028.796360296	222268.861939018	185686.93616746	-1.99	0.036745502430709
F4KIZ2	AT5G47080	2587810.67938757	428208.74500756	667588.448373373	3640879.91415108	514732.553569302	2783554.54187337	2.06	0.03713988631061
Q9S7U7		2404293.75688298	1610735.40669317	5789270.75823025	8880693.91842103	1571156.35356888	16339470.1771162	1.89	0.038572080544602
Q9C5H9	AT5G17410	31252511.5015459	31699242.707127	40111112.2653241	63877461.8595031	72042797.1396292	93884508.7513188	1.18	0.03953348830805
A0A1P8BD18	AT5G61330	5337943.58840377	2899875.01157291	3962304.06093428	725967.939011864	5894028.27266195	1378872.27585636	-1.52	0.039741004243528
F4JD14	AT3G60920	1227475.19329684	713512.39342296	673457.869933581	467901.027283083	182423.19559555	161613.588016103	-1.97	0.039999923006086
O49617		874258.523857193	530365.657058315	516415.742138863	2555723.6951151	1977979.5350686	2929989.69176922	2.27	0.040297893998234
Q8LBU2	AT1G63460	10970504.3009036	10100171.711714	5678246.1026162	8217504.42163086	4388474.44635762	1862156.27329201	-1.2	0.041321406728809
Q84K90	AT4G26410	20208613.3717898	21840814.2012935	37362461.2461583	26514162.4644654	47480146.7903955	46257224.3124731	1.08	0.042527997080624
Q8W110	AT5G23980	4358177.89439324	3808603.04302289	6091292.07183015	10238512.9113579	11648596.5963606	24120631.9276942	1.42	0.042532382630722
Q9SDM9	AT3G16400	14002027.0735187	18367625.5056041	16258561.0917139	27335105.376377	38232975.957758	59298207.9762627	1.23	0.042648784954982
Q9LK64	AT3G13080	39974654.6280334	43081116.6117775	49802856.5888718	78634074.654054	93655111.9559778	95244968.5087772	1.12	0.042770243357428
F4IUJ7	AT2G26410	4657052.26131459	3514644.49262373	3120126.34236572	522748.627643464	4888756.42203226	1033905.64903095	-1.77	0.042978925828463
Q96520	AT1G71695	6789430.82279293	13998467.2230374	10099830.9965943	17750779.8261886	46229939.1226806	24693740.6170759	1.29	0.043672784478511
O22718	AT1G60810	6373026.13408534	7797803.01310749	12942377.3544998	2712726.99125606	7202057.38983282	2518169.21930564	-1.52	0.043998193887898
F4J4N3	AT3G58090	23105113.7534489	28304009.677992	21217896.9874633	16249547.6194344	10963049.3642533	8610250.14264228	-1.08	0.04445797746202
Q8LB54	AT2G40650	51658294.486487	41585441.9887364	46255456.3347523	25557394.9279155	15989722.3457137	29552880.7051764	-0.86	0.044971060412315
Q9LFV3	AT5G15730	7115717.49598359	55689335.9933275	13867446.0849838	14508022.2610254	42682442.6769313	32707206.9865464	1.24	0.045170270070601
Q84P17	AT1G55320	7908830.28324889	15013150.6926454	25859012.9416156	14473274.4097654	5799682.796669	5944181.53079356	-1.34	0.045189683296217
Q0WQH3	AT1G27100	10784071.3137901	8121179.27173743	11493889.1033483	30552888.3307244	8559660.9628613	26974439.5799871	1.32	0.045757150962149
Q0WNY5	AT4G31110	4288166.68790567	6300858.1210862	3489017.48461568	10086624.498123	11401764.2499893	11111771.944884	1.37	0.045886204167592
Q9LFR9		286258.001846578	158005.040927383	259197.628063593	498706.288158542	1910824.84385322	1102390.84951076	2.09	0.04594068518267
Q38893	AT3G04870	379312.212227079	442072.105536974	537273.627366532	2226068.86724387	1813162.18443652	591451.451274068	2.04	0.046389372957372
Q9FMA0	AT5G56320	27278746.5181749	49567317.1406969	18817475.0045504	14075447.0701018	13792609.0042426	9361590.60916966	-0.98	0.04706545562919
C0SUW7	AT1G20910	1311091.06217676	1596101.29980804	286138.480408013	435410.736438229	4688405.81921986	4264574.93741528	1.7	0.047726250625588
O23482	AT4G16370	194849.592801291	3003737.28045275	0	3750332.57893887	2466964.59779672	2909603.90350158	1.93	0.047836227063735
Q9SAF0	AT1G13170	240526.755795193	0	308676.977032683	1358464.14106247	1205546.50033342	178896.749004056	2.15	0.048021576614555
Q8RWM9	AT5G38380	121964.469425495	0	479956.444071049	224833.16407599	1130477.97391585	1062936.2957433	2.14	0.049803428840741
Q9LX13	AT5G10160	79072181.3463289	179070503.47109	305772834.014054	136207964.022312	325871265.362732	407229425.862459	0.86	0.049841927465326
Q84MC9	AT4G40042	3071353.03173639	2910403.79327391	3414757.95699821	9747986.81329273	9667915.09221043	10274357.8500578	1.67	0.050006469375236
Q9FLW0	AT5G24010	298050.964697569	667816.205239025	0	2589578.94018124	1818829.22432385	1220298.20604788	2.03	0.050069950791468
