Accession	Gene ID	Abundances (Normalized): F13: Sample, WT C	Abundances (Normalized): F14: Sample, WT C	Abundances (Normalized): F15: Sample, WT C	Abundances (Normalized): F16: Sample, WT Cd	Abundances (Normalized): F17: Sample, WT Cd	Abundances (Normalized): F18: Sample, WT Cd	Abundance Ratio (log2): (WT Cd) / (WT C)	Abundance Ratio Adj. P-Value: (WT Cd) / (WT C)
Q94A84	AT3G50740	103269389.344123	105980625.000645	74662205.8518474	6052456.890625	8153453.95975452	6214552.0699098	-4.05	1.17297457125961E-16
P25857	AT1G42970	257768.884362085	2674635.67484814	305264.249815511	16829912.109375	10796440.4470929	13857746.7629415	5.5	1.17297457125961E-16
O64862	AT2G44270	57057544.1255414	87397067.4530131	38234502.8745218	877480.046875	953502.699575696	972210.494274057	-5.9	1.17297457125961E-16
F4K5W3	AT5G37130	0	0	0	866890.75	503727.184451163	506995.7703033	6.64	1.17297457125961E-16
P92979	AT4G04610	0	0	0	334422.46875	164791.039969083	141521.23825142	6.64	1.17297457125961E-16
F4IDB3	AT1G72410	448826.353194743	334383.747658208	234945.426603967	0	0	0	-6.64	1.17297457125961E-16
Q6NQK0	AT1G76970	300658.501842249	255696.21971168	1601549.65404154	0	0	0	-6.64	1.17297457125961E-16
Q9M8K3	AT3G06150	190489596.91947	160460976.143377	138983824.973524	3299698.28125	3115229.36830709	4304674.10907456	-5.6	1.17297457125961E-16
F4JHN2	AT4G00820	5792672.27538831	6235361.42063715	2187344.27575529	330014045.6875	191843392.791947	445215081.757835	5.83	1.17297457125961E-16
A8MRW6	AT3G55470	0	0	0	767898.25	471725.379769392	613808.139943433	6.64	1.17297457125961E-16
Q9CAD8	AT1G63730	147924.05617107	64281.5430028939	0	15807568	13583540.9239752	11781778.0930798	6.64	1.17297457125961E-16
Q8W5R6	AT1G21730	51317580.3793449	28072697.7462257	49598917.5663171	3358878.84375	6676419.87460931	2923635.7633513	-3.88	1.17297457125961E-16
Q9ZQ38	AT2G24290	0	0	0	698653.9375	512830.711805782	789840.792758444	6.64	1.17297457125961E-16
A0A1P8AS27	AT1G09195	79365.2573828366	732476.739636185	689220.762372552	0	0	0	-6.64	1.17E-16
Q84MA9	AT1G60630	221812.979519459	114843.471756676	318071.64877705	0	0	0	-6.64	1.17297457125961E-16
Q9SJP6	AT2G15350	0	0	0	8147382	10783216.6049913	10082995.413418	6.64	1.17297457125961E-16
O49652	AT4G22710	0	0	0	3345255.5	2514713.908275	1579691.1787393	6.64	1.17297457125961E-16
F4J750	AT3G59080	0	0	0	2250525.125	745157.448337382	1527328.27619828	6.64	1.17297457125961E-16
Q9SJ91	AT2G04680	1096367.36747189	294848.18043895	681717.809423112	0	0	0	-6.64	1.17297457125961E-16
Q9FHN6	AT5G51480	0	0	0	3595962.25	3924425.07403049	3388823.76748986	6.64	1.17297457125961E-16
Q9SW40	AT4G34950	376677.42952615	388799.26569962	1171978.16684161	0	0	0	-6.64	1.17297457125961E-16
Q8L7U5	AT4G03080	14549902.456918	12786220.7256189	9288329.70440518	486473426.09375	584499874.956718	621780356.654366	5.51	1.17297457125961E-16
Q8L748	AT3G14120	133088.442121775	947752.988179437	561833.90100201	39244382.8125	62983359.5718259	59745065.8841736	6.64	1.17297457125961E-16
O82330	AT2G14920	218724.49288355	996841.682943056	158295.622619717	0	0	0	-6.64	1.17297457125961E-16
Q9M2X5	AT3G49830	0	0	0	75544.4296875	435435.056630868	113682.538467162	6.64	1.17297457125961E-16
A0A1P8B3K8	AT4G28400	135313155.794398	92871780.930842	53046394.6100461	4219985.78125	2925478.28996359	2244964.71337487	-4.99	1.17297457125961E-16
Q8LAZ7	AT1G22920	6859589.48838567	5531620.01309294	7727314.34099112	110239316.03125	177583287.786741	170598672.976393	4.64	1.17297457125961E-16
F4K3R8	AT5G67500	2346512.37063604	3081828.95026374	2831293.09559136	0	0	0	-6.64	1.17297457125961E-16
Q9C9Q5	AT1G75110	0	0	0	464657.15625	470912.30848688	352208.082178175	6.64	1.17297457125961E-16
Q8L466		233776617.645933	181364934.12047	139882322.946228	7352699.03125	8700959.56640845	5259332.30399532	-4.62	1.17297457125961E-16
F4ISB3	AT2G03360	0	0	0	3098634.25	3542158.61714647	3531556.37249496	6.64	1.17297457125961E-16
Q9LFG1	AT3G53590	431370.210569407	169340.721282762	328460.4438038	0	0	0	-6.64	1.17297457125961E-16
P50700	AT4G11650	0	580522.863272275	892231.13927045	51879143.8125	38080678.0513273	6879773.32535143	5.73	1.17297457125961E-16
A0A1P8B6J9		614697343.653258	635152935.770421	377458122.737165	33992941.84375	39570405.6219788	40251618.3011068	-3.96	1.17297457125961E-16
Q56YA5	AT2G13360	83571315.7632249	33094211.9357308	70725970.6767464	4155683.8125	1220449.12123437	2108290.49910268	-5.07	1.17297457125961E-16
F4IUD7	AT2G20050	270065748.010608	219388745.218901	173548856.933311	10650014.84375	8266277.10955527	9595618.01505201	-4.51	1.17297457125961E-16
Q9M1C9	AT3G60140	0	0	0	2144316.625	1094564.75052337	924247.641175854	6.64	1.17297457125961E-16
C0Z2A9		1651542.99354849	2065487.44178844	1557994.17252068	27749337.75	39614695.5901166	34820357.5221265	4.4	1.17297457125961E-16
Q7Y232	AT2G15490	0	0	0	167706.078125	700101.842987354	259313.137983336	6.64	1.17297457125961E-16
Q9FMK7	AT5G63160	663471.613627312	347859.706618633	324060.021085735	0	0	0	-6.64	1.17297457125961E-16
Q9FJK7	AT5G48630	73871232.6783457	68520075.4460443	46775903.3493345	8100091.09375	5705174.70895701	5176218.01753714	-3.59	1.17297457125961E-16
Q9LDH3	AT1G12500	870233.469330227	6478.83662246527	3617.70615757116	694377.4765625	1508332.5699698	1777344.72460356	6.64	1.17297457125961E-16
O23339	AT4G14840	1052418.00778224	973979.417586524	883630.844169146	0	0	0	-6.64	1.17297457125961E-16
A0A1P8B4R8	AT4G23200	0	0	0	1891259.25	785659.105546336	102297.636704729	6.64	1.17297457125961E-16
Q9SB75	AT4G31590	1029035.16718886	968258.434829796	521489.195268075	32670133.375	39738858.8114259	40806413.5786213	5.36	1.17297457125961E-16
Q941F1	AT1G06800	108944565.649622	130235232.136574	116769196.559828	5728821.1875	3015551.22053674	3158986.13418337	-5.21	1.17297457125961E-16
B6ETT4	AT1G20080	0	0	0	4108661.75	5345756.47744072	2738699.13020387	6.64	1.17297457125961E-16
Q9FNA3	AT5G13690	0	0	0	312123.375	760844.360017737	490467.034901929	6.64	1.17297457125961E-16
Q8VXY1	AT5G28630	0	0	0	1168675.125	1150913.02798564	2098666.87235958	6.64	1.17297457125961E-16
Q9LZ83	AT5G04420	0	0	0	722658.6875	750227.866125477	639889.906801971	6.64	1.17297457125961E-16
Q9C7X7	AT1G56410	51798839.8180322	31728303.1227711	56480414.9982276	2950654.5	3054065.6398531	2014934.28724367	-4.13	1.17297457125961E-16
Q9M0A0	AT4G30600	555272839.290944	521976474.504996	432834314.163221	44968886.90625	54976091.4311335	38531704.5569302	-3.54	1.17297457125961E-16
Q9LTL8	AT3G26230	0	0	0	3004877.1875	3347259.23447949	4128173.96073727	6.64	1.17297457125961E-16
Q9LZG4	AT3G43840	0	0	0	156872.109375	343606.545346183	420617.892788193	6.64	1.17297457125961E-16
Q8W4J9	AT5G43470	0	0	0	1922847.25	2749622.68097545	929885.032569336	6.64	1.17297457125961E-16
F4IN63	AT2G48080	8111746.71120726	6662687.42095365	5151511.57401401	195798742.5	161713538.647811	186104649.115398	4.8	1.17297457125961E-16
A0A1I9LPI4	AT3G56160	153013.822116804	280849.846367745	275883.901623583	0	0	0	-6.64	1.17297457125961E-16
Q9SKI2	AT2G06530	112016655.967374	135339365.832417	119372532.889761	5577071.09375	7861118.85938733	7492578.06451707	-3.99	1.17297457125961E-16
Q84JF7	AT2G39270	25052793.5871096	38908810.6639632	48630320.4930171	2255264.1875	2542464.9545165	2325230.77983385	-4.06	1.17297457125961E-16
A0A2H1ZE50	AT5G01550	64007630.9994669	62745232.7354842	92407611.7482262	0	0	393269.549794144	-6.64	1.17297457125961E-16
F4JY73	AT5G25640	0	0	0	903444.125	907877.079210911	999197.012251231	6.64	1.17297457125961E-16
Q8GXA4	AT4G26455	93050.3069718474	86724.3564671611	153877.131061307	6520124.75	7681699.05505029	7185817.85419927	6.27	1.17297457125961E-16
Q9LUZ6	AT5G58600	0	0	0	523279.21875	728962.874213116	439850.640393719	6.64	1.17297457125961E-16
O65398	AT1G11840	345030794.36725	225068886.841884	193907130.325123	50328888.890625	28784744.0385828	29247614.3951609	-2.94	1.17297457125961E-16
F4ICG2	AT1G25350	0	0	0	191482.734375	209273.154233047	162894.154479412	6.64	1.17297457125961E-16
A0A1P8ATB0	AT1G68100	244809655.893864	124558720.948731	199721121.891091	6094843.6875	6163363.12281501	5815360.79411985	-5.03	1.17297457125961E-16
Q9LQZ4	AT1G75510	191294347.758475	164375433.895194	140711935.071016	1117592.8125	1074413.90447862	1748561.46593763	-6.64	1.17297457125961E-16
F4IUN0	AT2G26610	0	0	0	3514772.5	6565732.47156306	4808887.74817099	6.64	1.17297457125961E-16
F4IB81	AT1G51940	638380.927191143	596351.6576151	1170346.57223314	0	0	0	-6.64	1.17297457125961E-16
A0A1P8AY74	AT2G40070	0	0	0	595719.3125	759427.843623224	197094.862749614	6.64	1.17297457125961E-16
Q9LIM8		0	0	0	426783.90625	744737.927272641	278778.811350093	6.64	1.17297457125961E-16
Q9SKC1	AT2G31790	557760.85672242	721599.345383416	977761.502424327	0	0	0	-6.64	1.17297457125961E-16
Q2V3E2	AT4G27740	587572714.24275	561603706.232717	391913179.053039	3015735.375	4685392.83891387	4637425.47284964	-6.64	1.17297457125961E-16
Q8L607	AT2G41670	2756766.33934611	2473658.56112725	2890417.2968462	66707319.1328125	92125618.9529398	113001430.429233	5.06	1.17297457125961E-16
Q9SSQ9	AT1G52570	1222322.97714573	1015047.63464013	869872.673468951	0	0	0	-6.64	1.17297457125961E-16
F4IWW1	AT3G55480	213573530.124689	352394393.266888	137283565.146154	23778115.734375	19258740.4471703	22592865.7437798	-3.24	1.17297457125961E-16
F4HX45	AT1G62130	0	0	0	3384323.5	2329037.26227089	1643883.14343832	6.64	1.17297457125961E-16
F4JTF6	AT4G31900	0	0	0	18650467.125	20174286.1037612	23502634.8913872	6.64	1.17297457125961E-16
F4K6P2	AT5G07390	0	503832.13152488	847165.106637571	20424650.34375	15807512.2493093	20008913.8786469	4.94	1.17297457125961E-16
Q9ZQR4	AT2G14520	0	0	0	3598561.75	2812922.4769187	2590149.00944971	6.64	1.17297457125961E-16
Q9SRE4	AT1G76670	186120214.732625	262284338.932449	126717449.88966	3877043.84375	4200010.26104101	6376157.48326804	-5.47	1.17297457125961E-16
Q6NPS1	AT1G61690	1575820.01277823	1679741.50096094	1155087.27400096	129286168.4375	132858942.306181	115469191.273295	6.36	1.17297457125961E-16
A0A1I9LPC2	AT3G07980	281853.113656913	315762.124276987	188764.485438453	0	0	0	-6.64	1.17297457125961E-16
Q058G5		0	0	0	93414.4765625	124188.186609418	85791.781912469	6.64	1.17297457125961E-16
Q9SUT5	AT4G11260	5437332.47209896	2768714.00981285	3735752.56394322	96716243.3125	102287099.96551	99253216.6622044	4.73	1.17297457125961E-16
A0A1P8ATC6	AT1G11340	0	0	0	1975996.625	953468.918403919	1594827.1561845	6.64	1.17297457125961E-16
O82221	AT2G23930	857044.932839533	961403.218119152	921785.535517745	0	0	0	-6.64	1.17297457125961E-16
Q9FNG3	AT5G06450	0	0	0	164554.71875	185195.353158491	164493.166717558	6.64	1.17297457125961E-16
Q9SJW6	AT2G31300	578887.846993443	476498.324567788	646195.405258077	0	0	0	-6.64	1.17297457125961E-16
Q39162	AT5G10030	0	0	0	386897.09375	206417.349276135	199702.749317854	6.64	1.17297457125961E-16
Q9LR65	AT1G03590	4440849.19873902	3826620.16806909	3603913.00435468	54809146.28125	52267017.460023	37991379.1274792	3.77	1.17297457125961E-16
A0A1P8AXX8	AT2G34310	192112817.884781	260374808.821817	136953269.641171	16063931.15625	10704759.7165155	12126752.9435789	-3.99	1.17297457125961E-16
Q9FIC6	AT5G39150	3280313.35650183	2157395.7070983	42035109.5113563	65529460	47742480.4536297	37299518.7892437	3.86	2.59684831290566E-15
Q9M3C8	AT3G55230	211044.894399746	100102.991430761	122672.371862656	9600039.73828125	7482183.23297527	6411808.88114652	5.93	2.59684831290566E-15
Q8L831	AT1G79690	23904230.5249526	23835914.0927968	14189558.6378666	225770093.171875	222537521.405449	229695100.225038	3.24	5.18452588427074E-15
Q8GYC1	AT2G02080	32757064.1908009	22883160.8845501	9747188.59462811	1651593.25	1010152.49371692	1109994.01192352	-4.37	5.18452588427074E-15
Q9FXA2	AT1G49760	608150802.377318	651480823.791139	385893413.543111	62485370.109375	82142330.3014521	63743398.7127641	-3.25	5.18452588427074E-15
Q84VZ5	AT5G19240	8149832.33705141	3331694.77558327	4064701.37874807	68627066.375	51532564.0574985	33871718.9195431	3.66	1.03629523263247E-14
Q9C5L6	AT5G10190	5708127.7733604	2013511.13744903	4103422.33218374	29521553.5625	51498978.7593062	47868289.6102487	3.54	1.41906274533005E-13
Q9FLB4	AT5G05400	72684328.7429864	58106990.2853037	79758982.9971521	7149075.2734375	6137768.36768959	11810704.8499614	-3.35	1.46894394444246E-13
Q38903	AT5G45970	708936.499364914	315758.441113022	217645.72378747	0	12210804.5900134	0	5.27	1.9294340268785E-13
Q681W7		15685363.5159813	19244204.7812849	29493983.3850164	1626314.4375	1163191.27466967	3089855.03316286	-3.56	2.08257229325002E-13
A0A1P8B863	AT4G31570	389471596.052753	347918448.497972	283992477.146049	40066116.984375	43777428.6791768	37682419.7096046	-3.12	5.43199918552718E-13
Q39230	AT5G27470	304622257.178497	148424935.375265	219444547.858145	32236947.5546875	38950555.1351012	36049394.2323546	-2.61	2.194481093756E-12
Q42534	AT1G53830	35488384.2869834	40222327.3180953	54220729.1349483	3765646.5	5495608.02173995	4899777.53481007	-3.04	4.73030714270885E-12
Q93YQ5	AT3G61180	3012022.78247622	1051404.5794504	5529201.61766671	42875745.375	33765939.233299	33821150.491147	3.49	5.44803765363717E-12
F4I270	AT1G69550	0	0	4166860.7104487	44489.2109375	44441.4069550948	717146.215774596	-6.55	1.23466449162413E-11
Q9C7H2		18615610.5863663	22822092.6989909	16604680.4095861	1888585.5390625	2055598.66631713	3218429.53115056	-3.18	2.51164296733935E-11
Q8VWF5	AT1G29400	3267676.61522517	2360232.49363637	4094159.1451229	41857972.390625	33736950.3936061	37472052.8557349	3.52	3.10453051355762E-11
A0A1P8B137	AT2G43850	6073080.79703052	4448907.45214427	6608183.75878706	90220640.8710938	58112609.8204543	47686051.8832355	3.26	3.18099134663147E-11
Q9LU74	AT5G57120	64921046.685737	90402866.91456	59691261.9964809	8269927.6953125	2725827.03980373	16615425.8322625	-2.97	4.68482394824547E-11
F4K1S1	AT5G48600	255139900.103795	140441358.400329	281700525.250135	37225808.2421875	39214994.9799445	42323263.6527991	-2.7	5.54971411832042E-11
Q941R7	AT1G70880	611069.670083228	1376472.25359398	1571336.46432848	25992533.75	24896320.32301	25927144.6728404	4.24	1.24398137278661E-10
O82251	AT2G47840	6675999.65222929	7559392.97527446	8907294.86618954	75074671.859375	77375496.3538429	78239944.9077634	3.36	1.46552079198649E-10
Q93V58	AT3G45240	44963678.3435989	38623191.4091366	45822236.261277	5040166	6424661.3966996	6387453.50266431	-2.82	2.71175181145904E-10
Q9ZPS9	AT2G01950	3506495.108382	20210066.3610551	45151938.9146106	1992592.25	1191831.39766306	2598216.71609084	-3.34	3.55877812366386E-10
Q7XA86	AT3G51390	0	1108063.71984076	0	15864326.5625	14694996.4770995	19461376.5508321	3.84	5.07016705703866E-10
A8MRF3	AT1G29970	420310357.840236	448847086.435392	257469213.033607	62037287.15625	84029071.0023879	67998336.2573461	-2.63	6.83772400991515E-10
F4JV35	AT4G32650	0	47588.784916798	42189.939256508	920.887939453125	1433.12335768723	1396.47599471583	-5	6.94143965284668E-10
O23264	AT4G14030	5844979.69506022	9033602.08309793	4366158.69927104	71037699.140625	47237155.7326866	25738803.4321348	3.01	7.20523114228054E-10
F4JLY4	AT4G22690	48169730.3022442	51695124.335308	60234897.4028633	474847126.03125	336226427.550469	164332975.071507	2.7	1.22430310233737E-09
Q93ZR3	AT1G04080	41420329.0885343	60959534.4881426	123485222.940994	13594931.5	9819897.5233879	9857534.05925123	-2.63	2.34710880048905E-09
A9X4U2	AT2G43420	144801048.835752	92550849.1429006	207093022.073522	22523851.09375	29639532.485024	22793266.6708049	-2.67	2.97050061684259E-09
Q9LHN8	AT3G13610	12558577.3462116	5920323.06516134	16008825.3945115	93693201.859375	100943227.844116	87886912.9087209	2.9	3.99903861520214E-09
A0A1I9LQT2	AT3G48150	4572318.50597365	22858513.115188	17001880.0520763	2136538.59375	3957874.48470713	1927805.12115684	-2.99	4.87377341877528E-09
F4JXW2	AT5G11500	33843514.3388094	26388375.8156158	30529882.7704051	4196158.75	12220338.0406412	4243271.72193448	-2.85	5.67959370196805E-09
Q93Z53	AT1G32440	55453878.1952923	83558833.700239	40315357.2869998	316267580.15625	343441574.642738	353676037.846104	2.63	6.00778911220064E-09
A0A2H1ZEG1	AT3G01040	42338015.6004356	41472439.4239658	31567789.2551902	187838572.015625	269376814.598187	278993015.057753	2.7	9.33357899223273E-09
A0A1P8AVK4	AT1G15890	738408.571093884	742081.853505259	16297897.0471416	16339562.5	12903406.9608553	7350932.93637414	4.12	1.85352596300104E-08
Q9SI49		383620.793798673	11872071.1380368	26811425.6531503	902377.21875	917234.489798527	1514989.4000288	-3.69	1.90138150322105E-08
O22823	AT2G43810	7666295.60605718	12471865.3984566	12074170.0508308	90903195.6875	85859191.6508299	91685880.0466369	2.91	2.14953387837494E-08
Q4PSF4	AT5G19700	0	0	548748.356184074	11403696	9991916.45117812	5699436.79730079	4.19	2.69866866065343E-08
Q8VZL1		20885361.1504683	36576774.1355546	42325850.0292725	6748390.03125	5978025.62347875	8819842.95586284	-2.44	3.61471379517401E-08
Q4V3C8	AT3G10540	56799331.9788749	51377232.9450554	40804629.7596363	10285895.71875	7991678.74538155	9590989.94283563	-2.42	4.48487111386617E-08
Q9C911	AT1G74250	205138.500510416	1226748.49690133	106151.550349971	5090894.859375	2865171.79883528	6311843.78521843	4.63	4.58119524675366E-08
Q9FFG5		3037040.56982087	1939702.8967628	639785.380697972	17632929.09375	16249342.0982277	19691340.5787122	3.18	9.78812184036777E-08
P92995	AT1G18970	1382640.54607999	1413298.47682472	753187.905447397	19738249.0625	13239561.0867121	3405595.56342776	3.26	1.20715635252198E-07
Q8RWY3	AT3G06400	118230914.612197	114521661.97647	130203043.329437	794921883.245605	540560360.472188	532029291.262357	2.19	1.37948727549087E-07
B3H5W6	AT5G35180	127239888.378753	98601036.7644286	103878584.72647	590031907.65625	431079983.327788	474244746.867381	2.19	1.42119609580649E-07
Q8VY01	AT2G33530	51444725.818085	46605112.5671584	30984697.3930782	275952730.4375	275925854.446557	250314530.62721	2.57	1.49900731625167E-07
O49340	AT2G30750	14958927.2862569	23123835.9203508	47000333.8635588	230070048.523438	131335621.731035	116080109.232562	2.51	1.61374655290168E-07
A8MQL8	AT5G15230	13321960.4185296	16218005.7617947	2839320.66559617	1819720.125	1183553.45891506	2192023.23894799	-2.87	1.76619411543237E-07
Q9SVC2	AT3G52400	675466159.789552	686106566.005752	526243174.709291	236944563.828125	139431240.842393	140452202.463924	-2.27	1.95409380063146E-07
F4I600	AT1G16820	13871726.833306	10256303.2522248	24365316.2931415	1770895.65625	1540573.582644	1874581.11085683	-2.97	2.03531017184122E-07
Q9LUE5	AT5G50760	581718.737341084	1263264.50384165	593250.66858419	9814558	9869625.90477295	5924937.55911008	4.05	2.12996772992392E-07
F4K2Y3	AT5G36210	23246354.6660631	32724807.164296	54494256.0282695	6091402.4375	11177824.0815528	5020972.67854743	-2.43	2.64563047145905E-07
Q5XV72	AT4G25070	12837836.0277231	5343653.60385892	9525024.79376521	59211979.9365234	47813735.9885843	84549181.2077429	2.64	2.87689429581438E-07
Q9FR95	AT4G15340	30570385.1164858	23984537.5493918	39849869.7382634	6104325	5739308.60228333	5763258.8572074	-2.41	3.21912033382104E-07
Q94AL6		1358095.74368843	1177440.98789422	6454258.65761472	13053550.4375	11784555.862316	13989008.1755353	3.26	3.44028208426003E-07
Q9SCQ4		77103.2102721117	67822.3454585957	3547458.40036977	3361129.640625	2531266.14499806	2674029.99939547	5.12	3.44796430558027E-07
Q9LUJ5	AT3G22660	67632434.5242206	104771546.446755	42463752.8867591	12260624.9375	13398169.1060197	16021725.5506937	-2.34	3.90517600045473E-07
Q9FHA3	AT5G67100	118132014.810055	124381743.800828	77939137.5745652	465554257.773438	509995331.168973	564896412.551097	2.11	4.54690225788162E-07
Q501E6	AT5G25250	5704005.1359714	2732113.0102531	9867150.67984755	50722123.71875	36971800.1221018	18674562.3423816	2.7	5.15617802760852E-07
O82659	AT3G50360	11865328.1354251	4210145.86516008	3856866.75940802	33527240.625	30891089.8785756	7604116.45007988	2.88	5.46368249504128E-07
Q94C74	AT5G26780	312018514.64309	382487652.773565	338535619.131228	188137456.214844	1435716958.05185	1666952643.65096	2.08	6.52859621174561E-07
Q84JE8	AT3G14890	16675007.2532632	11745346.0320957	2020194.04452509	1274328.265625	1613414.87358951	711840.390130909	-3.2	7.30874724731792E-07
F4ITL6	AT2G26070	0	0	7314579.31843745	829510.46875	713676.898318496	636932.486533077	-3.36	8.08805290964664E-07
Q9FKA4	AT5G39580	1326459.80464325	1113686.37656341	1391136.13631064	12849353.59375	19071538.6293707	8867282.77525698	3.28	9.34447123570755E-07
Q94AM8		42460626.2148222	51813043.0142639	42216983.8967426	7022815.484375	9619267.80683197	10319736.9949123	-2.14	9.37618863771423E-07
Q9SRY5	AT1G02920	25440551.7242449	38822053.5968474	22380718.7163077	152993750.71875	129163074.808653	50472497.5161626	2.34	1.33204060555596E-06
Q9SIU2	AT2G13540	815896.320417809	3451105.74980557	13973222.688257	27634348.71875	55778676.6981208	25052135.5028972	3	1.47981394278922E-06
F4I7I0	AT1G17290	32382331.6022834	37003282.6540182	60648232.8251986	174785063.65625	182684942.158394	175823628.992938	2.25	1.61039107903204E-06
Q0WTB4	AT3G49725	2589338.14769215	4316557.02189488	760263.107665497	22840021.59375	18744224.4389077	15550171.5537874	2.86	1.76405637448747E-06
Q8VY27	AT3G55150	40449.6686183392	389744.344810062	129260.2375553	4165890.6484375	4507890.94175044	3231617.90070391	5.01	1.76453779346417E-06
Q93ZI1		10619473.0098175	1906611.39727873	0	326384.0546875	288501.574505822	102616.388926598	-3.96	1.93613369014409E-06
O80625	AT2G39380	3739635.41489204	4530594.04825649	4194414.3717876	25255757.90625	29555339.9748699	32018766.966461	2.82	2.05830125789724E-06
A0A1P8AR36	AT1G52070	22010482.0729715	27869548.522666	62725176.5455561	152582746.6875	215529672.460784	39527574.5584142	2.45	2.29187368038564E-06
Q7X6P3	AT3G45890	6422780.30730816	8758053.32074019	956751.913977994	485528.78125	642407.83182448	653171.065638677	-3.32	3.03762348354548E-06
Q93V62	AT4G27450	16200776.9833458	10249303.435219	5374373.56708452	54661495.875	45693501.362655	79449237.4945746	2.41	4.52016074519448E-06
C0LGJ9	AT2G02780	526171.091976427	24303728.7264022	22806826.202874	842269.140625	5573395.16402797	3891106.88662188	-2.55	6.26900377398215E-06
F4JU09	AT4G19920	1060227.8439296	328962.872802553	2133915.10893975	12433280.125	10904941.6526739	11618924.1682427	3.45	6.42808661496214E-06
Q94AI6	AT1G71820	177384696.881952	148145272.518758	285825575.688648	668487871.914063	663614944.774412	672700484.914303	1.91	6.5598328558803E-06
Q4V3A2	AT5G16170	3435129.08220349	27213270.1082536	23786598.8440755	3374267.765625	4388166.68083691	3609644.46800644	-2.72	7.16369187831394E-06
Q6DST1	AT1G64065	2740649.55301084	1786589.74454096	1308187.27251482	13461444.6875	27365302.7424443	12889255.470095	2.91	7.24270494943095E-06
Q9FKM2	AT5G57490	24789662.1410164	35668246.5366704	62147417.7696519	186876226	164425259.018755	153912357.118043	2.2	7.29098426925519E-06
F4HUA0	AT1G07930	3038380.0266488	12597472.555806	19947145.835955	2345948.8125	3030305.40086396	1065186.15885954	-2.42	8.02678309897085E-06
Q9XIG1	AT1G43620	4047116.50761222	3389833.6993154	7210072.61383568	27398818.65625	26451764.2613121	29312550.4680207	2.76	9.40927255908569E-06
Q9LMS7	AT1G18070	158743825.686449	126724952.241196	72952601.4192612	39562377.375	32707207.7328771	29765774.621358	-1.95	9.95968139395292E-06
Q9LII1		10544827.4110821	6832176.71457105	21140486.7710623	536482.75	936299.033220142	1822090.09237773	-3.49	1.0458777137671E-05
Q9ZUW8	AT2G27660	1795186.7049805	4112729.13926521	2495648.22865121	16619541.1875	16903977.4833073	15856448.8730082	2.74	1.10549294487138E-05
O22287	AT2G39770	45546442.9123649	61498909.0887366	54243598.9075526	243201252.9375	238011289.21348	169936522.333025	2.13	1.12061741563383E-05
B3H7F6	AT3G22380	287997.75029561	2455650.84128681	776227.888695175	13027184.5	5294365.04298784	9451536.79832092	3.61	1.17529047303694E-05
O81888	AT4G33720	16242627.7156534	6948750.73174944	4740395.14123279	54047424	35639825.6132495	5456244.89551901	2.36	1.18282347710394E-05
O48963	AT3G45780	9494113.09967077	10744409.3207939	8776641.58409735	1088012.21875	1062486.24689167	1412992.90540681	-3.13	1.21955128793636E-05
P93031	AT3G51160	132306961.265041	143427367.240168	215245078.053399	45248708.34375	36537497.3805292	28150574.6713943	-1.97	1.37183761665649E-05
A0A1P8ASX9	AT1G50120	20982633.1429052	14267695.5153057	12409530.5453567	73094012.40625	81630392.7232595	66930989.0317253	2.36	1.91628067433852E-05
F4INU4	AT2G30520	21771778.2386792	24550265.9374253	27071495.2209778	4178617.25	4951599.74157192	4746088.03855762	-2.37	1.95812121104771E-05
O23547	AT4G17030	130700.503325178	150021.370784794	65445.5170698693	7360526.9375	2574193.2157914	701670.462251146	4.3	1.99683175635226E-05
F4HY56	AT1G28420	2481257.23805286	3632216.32846828	2985926.05392899	16613047.5625	21304690.9351695	18379633.3410921	2.62	2.00020993818293E-05
F4ITF9	AT2G19710	14671697.1882552	16453276.5263166	32311037.9585554	3036012.0625	4041237.92151471	3561616.23206876	-2.21	2.49885716806602E-05
O23156		6291868.50081138	3911645.03324209	6368726.21565751	10324144.546875	40768487.9320502	32661463.0165377	2.38	2.55471449828188E-05
Q9SUT2	AT4G11290	23036695.6267157	14337287.0568393	22714320.3806534	123504811	102559030.50997	59049674.1569827	2.17	3.04705965719686E-05
Q9LPU6	AT1G21110	683873.908691949	702764.150399571	871968.580131834	7530693.5	10049769.3734113	6498926.05087004	3.42	3.11489919637758E-05
Q9LZQ9	AT3G62310	160358946.809573	152439439.117488	104720138.137993	44602617.6875	52917867.412118	43353799.3485582	-1.77	3.37821475186684E-05
O82647	AT4G33070	104819663.983403	50295745.1579944	9189746.29867126	30190186.46875	6341756.57592333	13921188.0676569	-1.85	3.40503907425997E-05
Q9C8G6		2937566.91697053	437518.786467303	798944.849550147	7630516.03125	36357686.4531563	6642044.28987748	3.26	4.02482834770627E-05
Q9LU41	AT3G21180	75004019.110322	85486636.05952	47909097.7651459	17086451.40625	16805951.7350096	18979548.0579875	-2.13	4.09887558524801E-05
Q14525		18272460.363922	11277255.1431383	8698087.40906917	1712285	2425934.83905658	998056.153748203	-2.72	4.10759192026515E-05
O22718	AT1G60810	0	11316508.4269841	15029739.1524959	2506156.5625	2888216.22719044	1013280.17221849	-2.38	4.18078295358855E-05
Q8GZ87	AT1G14380	80825263.2779605	54684364.1855975	41071952.6269703	197047026	119344687.484382	197998406.51479	1.85	5.37073015737132E-05
Q9SD05	AT3G51440	8202199.52191382	7268799.86027951	11771396.9561716	38293517.625	42594186.9311049	35636770.0130278	2.22	6.21899676387891E-05
Q9FRK5	AT1G75140	26248936.1387669	27010339.7801836	91025577.420784	114191466.0625	117981410.199252	104798355.644641	2.08	6.36226408001223E-05
A0A1I9LTA1	AT3G48060	3206339.67973373	4409711.7312765	10616577.6458316	26044530.703125	16957116.4887712	31700005.9250169	2.56	6.69471864867923E-05
Q9LTC9		32329292.8336264	29558682.9357956	50516566.1551241	49626315.65625	146148472.507386	144962084.671514	2.16	6.9481539884213E-05
F4JZQ4	AT5G26130	6952508.17301338	2249057.27264142	1360123.35607762	21452677.90625	14274976.6611396	600429.762694468	2.67	7.77119194894464E-05
Q9ZSU4	AT4G25820	2636410.7801188	705235.697857776	318088.968854109	6317155.09375	6733187.88118048	8647495.47367941	3.26	8.41419785374949E-05
P19171	AT3G12500	7523651.314116	7675598.67605637	4059871.38265119	45412581.84375	34273035.7970728	11306449.1341404	2.19	8.63357075083908E-05
Q9FE29	AT4G15610	12627954.5597755	18129064.8187861	11596005.6982873	57846996.34375	55423604.908025	26510534.6966398	2.13	8.8211627275451E-05
Q7XA68		61966839.7970944	69926464.9211317	40981033.6213433	17311425.6875	14525428.8643926	17803233.353047	-1.84	8.97844811141091E-05
Q9M393	AT3G54100	23116003.6734838	20356426.9918439	22096469.6263285	5166303.484375	4545765.62525025	3124910.62133395	-2.28	9.2363386371334E-05
P42760	AT1G02930	917167.818779215	2568013.44031965	2170267.44824212	15624281.796875	12753270.6040901	6018473.7986188	2.55	0.000102777186202
O76011		1777889.80519261	4076623.51623136	11522859.7616556	0	320544.64128091	0	-3.67	0.000104162484557
Q9SF34	AT3G09690	7382709.91424283	8358598.51725251	100917554.450815	13191650	35945715.6926857	126694519.025899	2.1	0.000105129605476
Q9FI39	AT5G47990	8017609.38998772	12033193.0797908	16962815.2143234	32816359.3632813	52668516.930595	56138949.6791051	2.13	0.000106746788316
Q9FKH6	AT5G35735	1048377.41843042	1732933.82715996	1363406.78653364	14930904.46875	11246762.8669925	4715906.23288031	3.04	0.0001151264018
Q9STM3	AT3G48430	10722226.4363006	14997485.5312674	16125755.8160037	81663777.3125	66835733.8317299	62012920.8192241	2.16	0.000115959862917
A8MQE3	AT5G25770	134797.439580104	133030.285444909	123020.211817529	2117803.375	1962052.37767993	1551332.278733	3.88	0.000117442438898
Q9LVW7	AT3G27740	1287753.45802413	3412861.47233892	14954599.062191	21241673.84375	22199735.6073809	21738876.0397762	2.67	0.000119103950037
Q7PC79	AT1G72560	77924346.0045165	74663344.8855142	59044289.6704966	294750560	293661423.928343	264871567.630796	1.98	0.000132211705279
Q9XI07	AT1G21700	45450492.2251015	58432882.9159565	38845551.0749861	13260835.75	13064971.2184419	13894062.9508252	-1.78	0.000133252833983
Q9M028	AT5G01460	1911866.27085143	1356016.50257506	2818182.56572483	12272567.53125	15057132.5456153	10807851.4080635	2.68	0.000139864157357
Q8LG05	AT4G00238	5415925.6209726	6296752.06359056	6801538.1040549	2616605.28125	889362.933972714	257745.574494484	-2.82	0.000146083014219
Q84TF0	AT2G37790	852513.928924856	1683276.63423289	636961.814051319	7310694.25	7893527.49443959	7425602.09251729	3.12	0.000172955853684
Q8GX94	AT5G62710	3278524.90671118	2561273.96342566	4113645.37466416	18857410.28125	17898710.1160389	19537510.4914642	2.52	0.000181851467469
Q9ZW84	AT2G43100	9440721.49794851	24544770.7290086	14375355.4295781	3663157.625	3370532.99685582	5901565.70351383	-1.97	0.000184742173026
Q9SY76		1030777.94536964	600136.812723253	984410.914488638	8585682.40625	14471167.7206975	4096902.45396277	3.12	0.000186765108748
Q84WW2	AT5G24400	18586453.7876705	18337864.1783604	13280391.0346427	4323849.53125	5238375.00024583	1869597.06432878	-2.08	0.000194536739884
Q9SYQ8	AT1G75820	3347619.98360806	3217163.25337063	2650675.62760611	0	0	222733.117141923	-3.85	0.000212495834996
Q96291	AT3G11630	5972146.80427999	8307139.87799741	6021391.62674218	30368740.6875	29309863.8587119	20807583.462923	2.28	0.000224489709326
Q9LJX4	AT3G20250	191502329.177317	147969578.854196	103071248.082837	55955996.984375	49431489.8833523	37072491.3415172	-1.58	0.000227455609386
Q9LIB3	AT3G29310	41426336.2716327	22954821.6781523	47437560.3223595	113778323.242188	150996761.528656	163140192.976534	1.87	0.000233071209365
F4HRS2	AT1G67140	44021553.4349257	50596960.6713291	50864920.2640703	146382425.335938	187319168.051181	179244311.707017	1.82	0.00023532866744
F4I962	AT1G24190	13479216.6277717	10967883.00141	22752142.3649472	3006642.234375	3283847.5627849	3880371.12301948	-2.04	0.00023822299448
Q9XES1	AT1G07670	48738087.8315974	37619784.2156053	65262697.725512	162321861.078125	199894434.16674	177917648.529272	1.87	0.000238385727846
Q9XI90	AT1G13960	1123137.7308692	5382615.44832859	4465062.34909189	497409.75	343004.153457783	2708728.33673739	-3.17	0.00023989409495
O22939		23276899.9337958	7340415.48095897	4424022.61369001	41918168.46875	32154943.5839799	32388413.7669469	2.14	0.000247868715119
P02666		47871996.9130082	32785967.7088026	11042762.0826037	23863321.890625	1907456.02281925	10298816.5364436	-1.67	0.000264749649921
Q9LUD2	AT3G14620	222200.269652836	142753.513327012	458170.3432687	5161856.75	3785680.22769434	105889.254076567	4.09	0.000271396187443
Q9FFW8	AT5G38530	2626780.13012825	3794850.00817108	2816429.56309042	15158067.78125	14667371.1242094	12437516.9510325	2.38	0.000291934372974
Q9LVA4	AT5G62350	20795815.4746328	28199816.6076712	26892697.8389061	107322648.171875	102068355.357812	95777938.6775847	1.92	0.000322402625976
Q8GYM6	AT4G19600	1893409.05443041	2203979.02887583	2678353.70187624	19521028	12027412.8237582	10184486.7552515	2.45	0.000350508465583
Q9SAE3	AT1G13090	14104854.7782286	15051998.524514	21211202.0742859	67790112.609375	63194101.1321364	56430044.0049039	2.07	0.000372146338834
A0A1P8B3U2	AT4G16260	33772198.9745748	33043923.657935	34547590.6126317	178463171.84375	133092772.213838	44859877.4572908	1.98	0.000396710013049
Q9CAV7	AT3G04930	21509423.5846857	16734643.4600174	41241794.5341352	24005359.28125	4925367.6604749	4904810.34043835	-2.13	0.000411109371636
Q9SH30	AT1G63440	5225656.36899703	5165037.92644161	6905112.61807008	28222403.796875	26791869.8740734	18839885.4195441	2.36	0.00046271885973
Q9ZVA2	AT1G78830	8548650.74975985	13500420.6397338	14210568.226313	52875362.90625	54211897.3432985	35312936.501438	1.97	0.000472340458303
F4I0N7	AT1G75750	43203674.3707244	46334673.2379014	12013930.4484359	15121901.1875	13837882.7990093	7535958.32617009	-1.64	0.00048040158866
Q941R6	AT1G70840	773659.413033103	6069395.37125508	8407818.8386224	945886.09375	3345111.10909699	942138.072607591	-2.68	0.000497245145497
Q9LEX5	AT3G60980	5793437.82552687	6377430.27169802	18977877.4372563	20070317.78125	28527262.9850979	28973429.5720429	2.16	0.000561290817512
Q43729	AT5G17820	1065022036.08513	1007549913.23482	562348059.331806	360147309.671875	281811274.392424	325465314.076318	-1.63	0.000563408168641
Q9ZV49		18653583.3218984	13956061.6942463	45334141.0218646	98949198.53125	78450667.3050433	58887543.9595442	2.07	0.000564608057209
Q84VX7	AT1G51540	10527715.2816094	6505474.36559719	11949324.3245659	49497777	34300553.608465	40884858.712209	1.96	0.000612053117525
Q43731	AT4G37520	13777924.8047218	14268645.2660764	11455864.5410356	76865117.90625	52770275.6782455	25367080.066478	1.94	0.000641107676694
O80585	AT2G44160	56838628.0851767	54217482.9903185	39705402.8917661	159068404.171875	176902223.718826	194987039.35921	1.71	0.000658892416862
Q9SX79	AT1G47490	5822189.84507083	7047201.27121601	7501085.61262296	0	0	1175285.98656559	-2.58	0.000696725543294
Q9LTS6	AT5G56940	32364743.9161447	26904997.4090235	32142809.0611523	103544366.621094	129417652.109501	112671441.502514	1.81	0.000747883587999
A0A1I9LN01	AT3G55850	127058703.773906	93993107.3810803	74323899.2792083	31252721.515625	31234387.8424096	32885438.775112	-1.59	0.000756434706941
F4JNM2	AT4G29440	20032330.7128349	5402383.29625818	32492715.6753534	4963495.25	2338975.67087163	7031991.7125509	-2.01	0.000766533586584
F4IAN4	AT1G18180	0	207134.226422395	17878637.4463243	408342.671875	216622.089085924	160689.250946804	-3.15	0.000881886521355
Q9SU83	AT4G29680	8356135.36307556	8636787.42209347	12238951.3723632	34073834.90625	40470808.185676	32655178.4404428	1.98	0.000889655302399
Q8L8V4		1170783.32858521	3321423.55970568	1089405.61570982	8083950.4375	8656523.44724263	11030112.2524131	2.89	0.000924894331966
A0A1I9LN67	AT3G45660	16285.3289251756	11457.3470110071	0	107044.53125	852704.173281196	51944.9107541863	2.97	0.000996315122726
Q8VZ80	AT3G18830	55294842.4658498	76965274.0310349	39648103.6039776	18730821.203125	18448541.2143971	19084484.6818686	-1.56	0.001024810573606
Q9CAF9	AT1G67620	1179606.68694384	805014.63179433	1711837.91465073	999101.6875	74249344.1379377	0	2.87	0.001103494337231
Q9MAX3	AT1G78000	18901431.0955248	25596320.6986483	88517201.7039478	86314784.96875	131322800.79247	89799310.9278522	1.81	0.001187439663508
Q9FLD3	AT5G05210	61859023.987524	61185680.8413433	45047635.2627894	20633493.6816406	18334452.3542181	22698924.3395073	-1.57	0.001230872452574
O23238		4202620.50639394	6863623.78515949	5622926.1506565	26548670.03125	22813964.0646961	26803035.7423049	2.24	0.001446187138303
Q8VZF6	AT5G45560	53621689.0959782	69552655.1217043	73209566.7327314	204179438.609375	223267446.579293	232697529.533889	1.68	0.001486868714097
F4K0R0	AT5G05570	2533359.50564251	1267548.96237847	1400869.15262906	11513507.21875	7753438.6134302	9221778.26074643	2.72	0.001544766979455
C0SUW7	AT1G20910	2812664.04841489	2919197.51837424	1920981.0569457	924838.5078125	142892.224161943	0	-2.95	0.001609371814133
Q945L0	AT5G57815	203713.40370161	252230.976281433	1673643.02653626	3599292.1875	6029971.94640166	1486474.30069944	3.83	0.001629830411401
Q9LRJ9	AT3G22060	3395544.190026	5918526.89984046	11308128.5201411	9245604.203125	27015106.5714473	29658525.8374626	2.19	0.001630162972668
F4IM56	AT2G47860	3344115.47128917	2733912.84971058	2474467.45912472	13272394.84375	12634543.8716195	11670401.2256629	2.21	0.001753857611268
Q9LXZ4	AT3G56460	35248166.4438509	51760152.5901543	37208010.6160835	41833466.5625	129015759.51997	141438032.790666	1.79	0.001786733249719
Q8LAD0	AT5G60540	4694259.21828994	4504425.46618932	717932.129977165	598019.28125	895863.187316326	724974.865502268	-2.64	0.001867395586549
Q9XHZ8	AT1G21780	16252786.28997	13148946.4854349	76639244.5303065	63190303.890625	58858051.1884015	43186339.4004434	1.86	0.001900353352981
O64718	AT2G02580	7513924.23917366	2128294.32447787	9711715.30342334	37851389.609375	28896871.6013764	24197054.7922672	1.94	0.001916326713275
Q9SH66	AT1G64160	11760371.2662665	13302469.4979762	14944016.3571775	50039458.078125	47971017.4575973	18740229.4197566	1.85	0.002009739653192
Q9CAT7	AT1G73230	33885392.7464492	30884812.914424	46390359.5177243	13857364.4375	12225327.0264745	11684479.7340778	-1.47	0.002302020904411
Q84JU6	AT2G39810	5224843.30100782	4492019.51375434	11883044.2024403	25060325.5	23686448.3579832	19417438.2963026	2.18	0.002348240495625
O49213	AT1G73250	20537338.5477906	24811760.387036	23758151.2973034	5912895.375	14215922.2144882	7484717.24558137	-1.67	0.002483589044689
Q9ZU91	AT2G01630	7741493.94369165	8986814.77903376	8596214.3808039	1595764.0625	1531168.35657178	3328741.64758495	-2.43	0.002662352669127
F4IE35	AT1G26130	820512.470763849	212034.224709472	1299413.97368589	85475.5	97239.4627017432	128177.25928082	-3.08	0.002681942736319
Q9SS48	AT3G10370	55309370.2283884	177360009.691913	82606135.6971619	242560742.234375	260177108.051964	303233665.968848	1.66	0.00271102001948
Q8LGA5	AT5G27420	2114127.61531696	3613564.7545546	5290942.72633202	17634888.328125	14953106.7861759	8943244.26030914	2.05	0.002749701626563
F4J0D2	AT3G28690	20977206.8036088	21217076.8444464	19061457.7449537	77443024.40625	48454559.7461082	132201264.288222	1.88	0.002750111644408
F4HTI1	AT1G61230	0	612680.531739778	7172422.51012456	338075.15625	245630.658300816	294734.390394385	-2.83	0.002874629718598
O04308	AT3G16480	27845343.8567114	26504705.8051268	71420279.5418022	80275990.375	89869393.0059172	94201217.3264776	1.69	0.002922989868434
Q9LM76	AT1G20780	78836192.2992929	126387418.767716	110457288.758443	45934957.78125	37353330.7441007	42896492.6601648	-1.36	0.002932118215904
Q9M314	AT3G61540	23366603.5454765	28972199.1830903	29284714.4701937	10382584.3125	10112944.2388317	9562907.52491492	-1.52	0.002956918304574
Q9SZV3	AT4G30000	1592993.03163754	8669048.7969032	9904885.74848731	1431699.125	2266073.87374727	1804539.5434007	-2.26	0.003015932800851
P11832	AT1G77760	83847899.0567607	68835458.3037339	184310939.600714	27653717.859375	31563727.4728755	42938420.3996332	-1.41	0.003056497764271
Q3EBD3	AT3G02065	8141293.07127823	25374256.5007873	23602475.2723	7602302.03125	6198277.41582096	10829419.0512336	-1.63	0.003118778406496
Q9SB33	AT4G25300	221105.467148084	0	0	2292252.375	2040482.67117626	1208715.50419579	3.21	0.003141152073126
F4IDB2	AT1G72390	707289.871941751	243257.308375625	255113.720385753	4300919.5	2056131.16403359	3167655.50607239	3.63	0.003176270056856
Q8VYA5	AT2G37340	20736715.8082384	22145914.5197984	19635266.5383691	6039517.96875	4791010.37895647	7935923.19090566	-1.78	0.003388163228917
Q0WW84	AT3G19130	11015372.41988	4499425.0294653	16754544.5438169	2630914.9375	1530940.72157798	8473538.82514137	-2.07	0.00345221644472
Q9FKS8	AT5G40780	122473346.786489	99831469.4905235	78385091.2241399	41957651.3164063	37652662.742583	36780572.2040906	-1.41	0.003763747069536
Q9SVV9	AT4G18120	60710.2601329721	0	0	593217.59375	601268.917991974	470700.761005316	3.29	0.003838364257292
Q9CAH5	AT1G72590	667331.079446467	0	450242.437598093	4364764.5	4278230.25655754	2233857.03833324	2.96	0.003894115261792
P93046	AT3G44990	21709738.1505038	25391622.456389	20218997.2729026	6338712.484375	4203769.3764383	14387973.5464103	-1.78	0.003903777856674
Q6NMS0	AT1G69920	3222367.46263957	2264571.2647936	3248548.60899684	13690009.40625	14408575.8297099	7499630.49489944	2.09	0.003922241953118
A8MSF9	AT4G28250	33095784.7377882	35168104.1951945	45237296.8651658	12710757.375	10503587.4554435	27755149.8571912	-1.47	0.003926744930949
Q9M7K4	AT4G13420	14013630.0240892	810594.28216127	606677.452417505	5955062.34375	6471102.26414216	4390844.70722546	2.88	0.003935022909741
Q9FDZ5	AT1G34020	6618639.29088944	10442163.627401	479265.133095244	477069.59375	5578684.8430321	1478277.04687332	-2.16	0.004145139450527
P0CB23	AT4G38062	22034147.0045329	17724089.7469231	20461610.8434299	3571913.03125	6070569.99740845	9333857.88972884	-1.75	0.004244011133617
Q9FEA2	AT5G64050	2681773.08067546	3607090.70469118	2223749.52109509	8672002.125	15921993.5284659	11550109.8949973	2.11	0.004465901861154
Q9LPL6	AT1G21380	25065443.7913203	14171596.2066079	27034593.9593697	9392003.59375	6788748.78081498	8442134.05767643	-1.57	0.004497944532562
Q9S9N4	AT1G16010	2234819.79359398	1542770.76268806	1003184.04552161	8350381.125	8893031.31676627	9251100.9508057	2.53	0.004664601040476
O80823	AT2G45970	234065.602175368	0	313969.568819803	4001852.25	3254977.22158262	1615740.34237167	3.59	0.004750853290361
F4K4E3	AT5G27720	65510556.1798807	92512027.7822486	96238540.2439717	44626138.1875	36224886.2782132	31152906.8488689	-1.35	0.004841378757073
Q3MKM6	AT4G21130	123644.957075568	194245.228838892	193981.158659583	1433573.59375	2415299.79455934	1859046.4344461	3.26	0.004904172610716
Q7PC85	AT3G30842	3775856.77625597	9753806.23152769	25427660.6973029	3741093.5	1867360.06907488	1519706.15152902	-2.38	0.004934591169591
Q6ICY4	AT3G12100	8743384.39931492	12710521.4239755	9938102.4247829	2168722.625	1988114.90278004	2078166.00132461	-2.26	0.00501484887938
Q9SSK5	AT1G70890	266148.733641511	738430.899170393	187088.634978933	2320658.8125	2311811.96799037	3411870.20782971	3.12	0.005058386517011
Q9XGW1	AT5G43810	301512.96401219	287273.591252744	5058988.40215992	3114600.9375	2651381.76299709	2798486.72270763	3.21	0.005075660779334
F4IB95	AT1G52060	15411193.7435586	19772073.4033368	40215770.3709764	75984556.59375	70575414.2976289	26256950.6658982	1.84	0.00528294647847
Q9M386		13240045.3106894	14536697.7425916	14361326.44302	51487640.4375	45142296.8000424	48240732.4675868	1.75	0.0053458848438
C0LGQ9	AT4G20940	3384259.04323946	5040446.78973211	4857470.07403916	1105171.0625	852733.412155305	3076774.13284411	-2.14	0.005392432637446
F4HW04	AT1G08260	7670098.5330373	3239113.50233246	4942161.74349569	14238984.3125	21960276.5099753	25952651.0300951	2.15	0.005528889882862
A0A2H1ZE60	AT5G04270	34643061.5207475	6346613.22074954	1279585.26375853	1776570.9375	1471493.00210108	503236.619680298	-2.11	0.005644534288673
F4JLJ2	AT4G10060	156621.906715672	812429.274168946	562957.203565165	0	0	72750.0184597728	-2.95	0.005680782834168
Q66GM8	AT5G26670	6076877.99335238	5845421.62891184	1940184.03721765	1277178.74609375	26798599.8211813	1016373.03389521	-2.19	0.005975493060174
Q9FY64	AT5G09510	11552847.6785789	11482779.3755399	9376934.68665374	4879155.5	3531944.06458676	3499818.7821039	-1.7	0.00605923218469
O23180	AT4G37060	18257019.1189172	12720713.0455965	18392624.9989787	53735497.6875	63232906.2064924	60527012.4799649	1.73	0.006094861517269
F4IIU4	AT2G34680	191866987.899239	175033604.594824	162473725.725191	404146380.515625	425441573.277702	443212720.708604	1.28	0.006427760446137
A8MQN4	AT1G53710	4862454.98911936	3384624.06248913	16696305.2428359	22336482.3515625	22203544.2372902	5761446.371594	2.19	0.006545104307407
Q9SLM4	AT2G40980	43672256.770731	26095997.8014485	39801640.7669506	104188512.8125	128092752.255272	157027884.097924	1.69	0.006590634983697
O81816	AT4G38540	40687848.3030453	43556775.6198368	73657335.7687447	136692208	183029798.70245	112932915.905506	1.65	0.006598952121557
P02663		70131712.2879104	45962273.2417005	23818198.1916737	18928914.375	10764378.4829725	23197546.9770167	-1.28	0.006761053649714
P0C1T5	AT5G09978	207854557.606087	205562164.079583	126670358.905538	101782044	86577330.8538334	84452263.4782145	-1.25	0.006894667896569
F4K5T4	AT5G28040	4505577.34037616	2699599.83521672	9497360.25634711	5842452.03125	849372.944057904	176166.49374067	-2.41	0.007006178750288
Q9SIL7	AT2G20520	113559.830238796	355067.550169459	1198421.25459321	4195627.953125	73350.0456212975	3728306.13067281	3.39	0.007089935019855
O22224	AT2G41620	26732088.6231831	24351732.1155175	40427286.2456027	65194173.9589844	95320513.4002227	82350356.1371718	1.62	0.007257960091153
Q9LSM3	AT5G65520	2890221.98230799	2830799.73260891	6264625.96144202	11179853.28125	12934448.2949616	11835694.0919113	2.03	0.007379184719732
Q29Q26	AT2G17390	27965407.6733358	20363091.4062174	21210969.7310678	8647364.5	4951882.30022607	6978156.71455702	-1.6	0.007407640866079
Q9SZR6	AT4G29960	466558.170644332	324770.890568813	333515.522085264	3712351.4375	2596524.08732441	2943135.53520822	3.14	0.007664875592224
Q9SKL6	AT2G15220	123836.015577199	285661.286227138	1342603.82227169	3040179.1875	2552310.97416965	523950.417702353	3.16	0.007711151950632
F4IYR7	AT3G15410	3929604.08607239	3933680.13941291	12180674.8499652	14911693.03125	14085242.8417935	18201729.8551763	1.92	0.007739747391125
F4J043	AT3G15880	806238.653161154	2246096.26157985	687043.634597451	3147275.03125	5671691.31773293	6119067.55523872	2.81	0.007841753719562
Q9C5U2	AT5G35750	2635694.74030856	395506.180896503	479274.374410535	5370254.71875	4054089.60727377	3916432.11377989	3.08	0.008023461107253
F4IHR4	AT2G28210	408000.220543065	880026.544908048	30409671.3470115	653724.15625	5811005.58095686	34371844.085843	2.72	0.00812467802664
A0A1P8BDS3	AT5G44480	52939721.5679918	33309062.9684108	466530018.08616	137351254.8125	150494051.472142	446967241.968367	1.51	0.008131056204065
P56795	ATCG00810	4475343.00883873	5791406.96413878	3099264.44119169	5636014.71875	20307493.1784229	19112822.9641832	2.09	0.008364180442923
F4KGW0	AT5G10480	32921812.4817	31113844.9227765	32279021.3921727	65903536	97456297.0825655	95604399.7790688	1.57	0.008411050204705
Q9SYZ9	AT4G34340	1322314.35429883	1609627.75357968	924969.47405216	158038.21875	224317.417478497	0	-2.81	0.008419548794792
Q9ASU6		22273712.7225175	30740570.7980219	28215602.7828633	10886738.625	10041821.054642	11825777.6301198	-1.37	0.008608030747069
Q9M1Q4		51530.0014954416	566025.550757461	30953.3840927596	71492.1015625	851389.230117449	396075.195033574	2.94	0.008694629643067
Q8VYK6	AT5G58420	55523049.0503195	51914019.6174318	30626718.1192832	26043448.125	20853871.1510123	20846577.7748492	-1.32	0.008754858152019
F4JKM2	AT4G34230	10267418.436625	12775110.2177802	4299699.15966916	2799768.5625	3482008.47121039	1082546.37134098	-1.87	0.009182755028046
Q8RWH9	AT4G37130	878598.057418824	1528330.76489877	4553455.39192196	8371840.6875	10551842.9881413	7447372.71164035	2.45	0.009249456140712
A0A1R7T3D6		12432068.4492504	12714472.2131337	12246221.1348099	4076914.625	7152783.54709288	4307104.96587509	-1.53	0.00995755787441
Q0WTF4	AT4G37400	4281797.78538971	4067487.29260615	11469150.6953012	24762729.5	11785585.8023066	15696491.5017648	1.87	0.010499049266716
B3LF89		4747890.41088292	7176808.20019341	546407.879786874	1191093	1763271.06420849	832665.40181706	-2	0.010715359456679
Q9SQG2	AT3G04080	17261234.8396296	14977441.4009036	24815828.8372428	48327544.71875	54278836.9586457	56205512.5163705	1.65	0.010746649263421
Q945K9	AT4G34150	6809679.22043466	3685780.69936456	5236622.56076276	896838.796875	2498451.44240391	1092455.35776864	-2.26	0.011208231033888
Q84P25	AT1G20480	28038740.8690686	16343915.1371912	8571281.17421821	2038453.515625	7065246.64892194	5798291.12475766	-1.5	0.011408475976232
Q39199	AT1G79050	7044313.79380423	6763036.79393662	6684644.52959808	1777765.8125	1679027.18448199	1803084.37147529	-1.93	0.01146961173421
O04193	AT2G39900	22005028.1680207	87828185.9025467	21851998.3346805	8051690.953125	7680716.20238968	8026220.28660168	-1.46	0.011628787363779
Q9LYS2	AT3G59140	1638449.7372489	3030536.81168552	9180215.2809535	6162265.578125	23071218.7227836	11779544.032727	1.96	0.011640377042587
Q9LW27	AT3G26830	61283046.6842863	47221384.5719405	53026972.6165131	177747868.875	146119819.823726	109516070.954253	1.46	0.011687720214207
Q9LTI3	AT5G59470	0	23145.9637691319	183305.074982629	479830.0625	573922.569668239	516645.352902214	2.99	0.011937144354811
Q9SJM7	AT2G36310	711106.161318038	243951.404235742	184700.572704488	1835061.6875	2115210.22924482	748964.458862188	2.91	0.011941235176376
Q147R7	AT5G44820	593433.518981542	476776.25900933	489496.352858916	4262773.015625	3889413.0089341	3568305.47388147	2.99	0.012043228947509
O49570	AT4G31200	7674868.26868096	6004847.81444303	6629117.95859309	1506037.734375	1615618.720135	3896861.48553118	-2.04	0.012157990620429
Q9SRM4	AT3G11200	21034591.6687682	27585244.3559768	15368837.4142318	72372127.75	65992874.4558424	69033916.2232145	1.71	0.01220812317192
Q9LDA4	AT4G08780	3926798.60438504	3867024.73855682	3533443.48267971	15146652.65625	14096451.602758	5376811.29253998	1.87	0.012377604840563
Q9ZUN4	AT2G19590	7688389.96251989	3151582.65031271	1415695.35533934	2502624.4609375	368978.346471576	425313.987914335	-2.89	0.012585711606466
A0A1P8B454	AT4G33200	33471440.8122895	23964546.3329143	28243643.7708755	78736800.0703125	81071112.3801506	82693891.4144025	1.52	0.013551081089677
P37106	AT1G15310	0	72318.770984325	0	453170.71875	549434.037395039	778364.020418426	2.93	0.013557793320522
F4K6N3		2361685.61825349	2605847.17138729	0	11420474.96875	9470075.13841275	18993170.4918434	2.2	0.013591562554794
Q8RX67	AT1G72130	0	435471.633382418	864037.167096361	4041313.46875	6677972.1614947	2503652.57053658	2.72	0.013673598867578
P60112	ATMG01080	0	0	651113.676605497	97474.8984375	294043.524400655	38252.6407533778	-2.74	0.014215085709106
Q9M214	AT3G60450	4255346.56573331	4248176.91632072	6313377.54489795	15144485.375	15098865.5295695	8479763.60799616	1.83	0.014653806643344
Q8LA16	AT1G14510	9690234.56933645	9414068.84029723	9501937.40690494	2374912.078125	1939024.85291341	16778798.6808041	-2	0.014783530986255
F4IZ80	AT3G49845	7361922.66883511	4147525.50583791	5541607.48246406	1308933.15625	1428432.08955966	889336.744329165	-2.08	0.01484570842922
Q9M8U2	AT3G03010	15079926.3974942	9051566.6431175	11531633.5333877	34665172.640625	33530246.2381073	35804750.200047	1.59	0.015416981974402
Q9FNZ1	AT5G51980	10564869.1682251	15306372.3439245	6891053.90757995	38574762.609375	31911420.9332112	28405927.6265897	1.59	0.015701043136843
Q9SV21	AT4G31480	33650891.8701597	28929982.5771781	19821296.1856103	12893960.65625	10224941.6613297	11751312.0301648	-1.3	0.015755455539638
Q8RXL8	AT1G06890	9646743.3789746	5948885.15313653	10570179.5436089	30845619.53125	35032715.6645342	26229233.4480292	1.68	0.015871029390085
O23006	AT2G17120	129451727.702567	135202669.823872	101806358.736977	86929666.328125	58712739.2718697	60515069.6723613	-1.1	0.016252882624665
Q9SU63	AT3G48000	24750440.2179489	20786487.0462973	9194441.92131477	9073572.84375	7136830.49491063	6079825.35715301	-1.54	0.016834480921271
Q9XF67	AT5G04510	3753122.64252309	3664197.18701075	3361281.54232574	459492.25	926101.054845811	573148.814022018	-2.68	0.01764322655496
Q9FZ27	AT1G02335	1157373.21349618	1773881.31226536	2143337.11263439	8414480.125	9596540.36844076	14178232.1861151	2.44	0.01764322655496
F4JJ27	AT4G39850	37884095.0992107	45063082.5176312	57301780.1259589	77588787.453125	130076120.205603	133056871.523639	1.53	0.018087081654254
Q9M1Q9	AT3G62150	519464.960504723	4864356.43577237	3562233.52954223	12770130.875	12727368.3423474	9893113.08729104	1.84	0.018224215271056
Q43387	AT5G64120	0	0	340969.933499055	435564.21875	4909140.97820071	2568852.32645994	2.91	0.01827560753594
Q8GXC5	AT1G75560	1756574.53492094	1792370.38011013	114065.111292365	267893.9296875	601006.487611075	296462.500135211	-2.57	0.018462872831741
Q8W5S1	AT5G27620	14290700.4052986	18275689.2110571	7435143.76401606	5531005.1875	5479971.35272616	6624837.92676644	-1.37	0.019243650364526
A0A1P8B1L7	AT2G04100	91482.3732771119	132134.382892551	629864.976515116	824569.09375	1291716.24598282	1004964.58908844	2.93	0.019243650364526
Q94A05	AT4G32120	2677521.1333132	350316.413092627	1259563.5305378	6671149.859375	6029139.89108882	2988848.18774377	2.26	0.019602098685746
Q9LM13	AT1G22170	20764617.295729	22435202.7475757	24052501.5931686	9821238.765625	8788841.08107514	6828381.54316841	-1.35	0.019686652947869
Q9FIJ0	AT5G47910	47254590.3915992	38198742.889695	59904003.5966062	132288159.984375	136215600.612093	84045926.5089	1.49	0.020091734951335
Q8RY80	AT1G57600	353323.287923163	223130.315850015	225618.890228277	1640418.59375	1742982.8223278	1645253.9878441	2.87	0.020269272352261
Q9SVZ8	AT4G25870	72834968.6467688	121979458.367364	58613963.331383	29845102.6875	31566671.8786425	29426312.2956316	-1.29	0.020320326923345
F4J298	AT3G63500	0	116330.801973632	0	803433.15625	1185465.95694031	425064.979966733	2.79	0.020492442681789
Q9FMG4	AT5G64200	14951909.0486948	20465443.9509744	31118981.1524833	7954130.09375	7016655.15089837	3029152.66114162	-1.54	0.020574202458573
O24658	AT2G43590	215741.772081016	951048.29150763	1820253.00597028	5357922.5625	24842693.5926683	4026593.88159641	2.49	0.020986484020406
Q8RWV9		19596832.7191658	17691680.0164354	14863072.0509237	50224998.046875	50347099.3488232	45782432.0300982	1.51	0.021281489847325
Q8W4I4	AT1G70300	1038251.23558574	4854482.90230199	11574316.3510032	20022759.4375	15778669.9073847	17178386.6827598	1.82	0.022337922281326
Q9C587	AT5G22010	355184208.121005	233925066.425683	230204920.586655	92597759.671875	105245718.547191	99860495.7439401	-1.23	0.023176518426546
Q9SGP9		5032111.94071112	6172660.02268039	11730971.3445942	25699834.0625	22519977.9258117	20775210.8534291	1.87	0.023469160194447
Q7Y1W1	AT5G01590	123943276.851899	70663205.0945771	112651253.106565	51244561.9375	36988752.5577875	140033517.963265	-1.14	0.024063535045533
Q9C9Z9	AT3G08550	82982942.0316259	64354945.2108625	44549649.5500212	24304784.9375	25905404.1458471	35752865.759474	-1.31	0.024081249445867
Q8VY59	AT3G27200	3045374.68351179	1385450.47129057	2259230.96987882	956452.5	393068.664870239	461130.883385397	-2.29	0.024276261425079
Q9FKM8	AT5G38344	5017266.08093946	2853195.31942543	2112596.0448048	2075398.65625	491728.965217233	247221.132561705	-2.54	0.024904345882069
Q8GWQ6	AT5G63440	4403702.35891364	2524780.58808352	5099761.00640742	1031852.9296875	995691.620992527	1925530.40565586	-2.09	0.02573940945644
Q9LMA1	AT1G19250	1469395.03488446	660073.914878143	1315385.2522075	6280565.0625	10161043.183619	2189445.52461154	2.26	0.025776649202715
O65787	AT2G24180	77524009.4015067	73813187.4282018	103806808.937982	187977155.226563	190423783.872888	133163257.014222	1.28	0.026522001152961
P93017	AT2G33830	3814166.08970867	918252.857923	6226163.68601731	2581393.625	601502.499581579	725779.380985466	-2.39	0.026678029904118
Q9FX97	AT1G49710	148688800.471234	128310179.241138	114169519.869568	66625247.15625	57312605.5927576	61145929.6877866	-1.07	0.027821479943408
Q9M146	AT4G01220	7832711.38141639	4965789.91376441	10527824.4872696	36741956.5625	25732999.3828103	18404606.2204086	1.72	0.028299684836493
Q9ZPX1	AT2G18390	2936119.05290534	3000414.524622	4049581.83816841	10799419.4375	11124188.9124195	12601865.4264257	1.89	0.028363216751446
P48421	AT4G13770	151390076.060506	105337754.259965	220762250.769174	74713840.984375	53039098.8360038	116446340.255962	-1.02	0.029078696746456
Q42602	AT1G64900	108674.695406391	215722.516216295	1124696.11015136	794984.890625	2012848.7191273	1521728.50338868	2.82	0.029092678190107
A0A1P8B8H5	AT4G23190	3902525.00745266	3217379.06150235	4653934.30176616	15531668.75	13236453.5136379	7034143.08938383	1.76	0.029134211150425
A0A1P8AXC4	AT2G39330	1310265.01920479	787828.772077717	1324328.32325935	309495.65625	206902.889690183	0	-2.37	0.029416234176913
Q9SA18	AT1G31230	55835138.4605721	92288012.5140371	21227196.4758	25207406.40625	22246717.9011022	27045127.1699554	-1.15	0.029920557433072
Q39163	AT5G06960	2614802.86240339	1512625.24822041	6471261.85017002	1389695.59375	217401.665257391	0	-2.25	0.030021003839153
Q9SN38	AT4G18760	19750330.996692	40188626.9816777	49107493.3844487	15545313.75	18616147.5600584	21995197.1561299	-1.11	0.030977142885216
Q9FX85	AT1G49570	7011324.75220097	2039710.15978308	7143367.7163276	31981046.875	23182677.2415385	14760394.4708568	1.73	0.031019547392327
Q9SZJ5	AT4G37930	30943295.4744902	31607280.3671102	35966001.1905407	42761518.28125	83492584.091014	104047269.903813	1.4	0.031892600463645
Q9FII7	AT5G61460	223351.062608267	182098.099918698	384992.446267316	730904.96875	1323468.53635912	1452090.02534463	2.57	0.031939479785738
Q9C5E7	AT4G25880	8071384.70703679	7494191.53047558	7350071.74251461	24382700.3125	23994542.4226609	20466590.853821	1.68	0.032117201112071
F4HSX1	AT1G27450	42074900.7796493	51068091.750346	56600896.4098986	24573308.15625	23883260.5680786	19449814.7063372	-1.1	0.032184737162116
Q9LFV3	AT5G15730	5549534.2277253	10440172.3582046	5127595.45397852	7566860.125	52968543.9894727	19753801.1601766	1.83	0.03218840299241
Q9FNL3	AT5G46090	12372754.2898922	9293425.64912671	12683900.2702776	2615846.84375	6326766.35215051	4874779.00909653	-1.34	0.032402240486977
F4JWQ4	AT5G25270	132750.927371095	277140.652002686	482678.611911441	52326.72265625	371876.107002365	56157.6215834286	-2.3	0.032501056954184
Q9LIG9		62694310.7076806	73312835.5616386	50941454.3200879	136812048.71875	162165408.977	156081762.226955	1.32	0.032927329190877
O48723	AT2G26560	5862261.49588884	7361767.7032541	5612616.58660797	75198403.875	21678435.6255407	10975326.3262471	1.89	0.033042885730039
Q94AZ2	AT5G26340	490974.394247103	1346113.26908154	2828769.88154381	6028122.5	6602512.8774133	2751119.33601098	2.16	0.033154528855827
Q9ASS7	AT1G58030	329020.690386803	1018173.91865726	3785124.24162561	5550245.125	6792106.12824986	4404276.45644471	2.45	0.033171788960154
Q8LG42	AT2G37975	15343771.9731782	20857275.1105871	46190119.427054	10729834.25	8161403.01534696	7476666.27389123	-1.35	0.033402477947539
Q8GYC5	AT1G24267	221525.733700992	151424.710419571	528067.553637418	1348861.875	1298171.92586344	862951.359717592	2.55	0.033632689517937
O82264	AT2G47970	710446.687766246	3824897.16952256	846025.035717672	6028971.125	4638495.73061093	2860670.26119244	2.45	0.03430489278096
F4I259	AT1G69520	0	325699.011778501	0	1952892.125	2913463.32317414	1678848.07952581	2.58	0.03447699092669
Q9C8H0	AT1G30410	0	0	2009783.90974469	268607.34375	517854.319656081	444196.176736974	-2.18	0.03447699092669
A0A1P8BCS7	AT5G41360	2511781.8498243	2482412.93633935	2515212.9995203	545926.3125	396852.260131292	796579.567318354	-2.2	0.034777975623312
Q0WPQ2	AT3G23150	19223468.080821	54564781.4387186	13396034.8049496	9380514.4921875	7470116.17712726	5795331.69300665	-1.36	0.034924562858353
Q9FGV4	AT5G47950	930113.915064703	506325.200215664	1340938.91754915	4763866.71875	28991413.9274734	2201081.02029786	2.36	0.035537889849726
Q8VZK9	AT1G55850	21736825.2812925	38963796.8523772	42494235.8603175	99858428.0625	186118737.650608	81454325.9539951	1.36	0.036267463734853
Q9SDA2		2775264.97736728	1926751.59232222	562463.6897426	470367.12109375	0	336180.940789238	-2.28	0.03693976140991
Q9SGN8	AT1G28400	4462964.49449695	2068432.45636338	1115987.10644353	1152333.21875	461534.370874689	288746.014712183	-2.16	0.03752151987667
Q84WU8	AT2G29080	63505806.6091599	85208122.8466755	107556216.678265	180330755.765625	233957654.568462	202163655.427346	1.25	0.037828661658178
Q9LX15	AT5G10130	11088545.4313754	5800717.84014934	4828161.25244533	28132100.265625	21415118.1096356	18738570.3531725	1.88	0.037890500059264
F4HV06	AT1G34550	4785258.30605276	4089481.49579677	7027136.28999311	14760071.140625	20164828.6239288	15203377.3370521	1.67	0.03866889009511
Q9SD86	AT5G07980	7465021.8541737	7919907.47357977	3985393.66214202	1295528.890625	2175629.74036739	2184388.13635082	-1.78	0.039414191942617
F4IQ05	AT2G37130	86621666.0382277	104687884.586961	89827654.6257919	52198216	42520466.4281685	34677457.577282	-1.08	0.039664306878686
Q9FJJ5	AT5G62500	4772101.86627528	16904617.9743777	6480602.04162352	2222192.40625	2070413.3441547	1851412.5503429	-1.65	0.041396479852789
Q5XF81		9617244.19858146	12685973.3528066	16196658.9110298	4958152.515625	9569341.9741945	5173959.54862251	-1.29	0.042225253797201
Q0WPK4	AT1G79090	30413153.9411719	17257518.3887852	20379793.6762278	58126294.9609375	55233899.0879566	51405841.4276251	1.44	0.04239232878179
Q9STY7	AT3G47360	765098.723554994	317411.676200923	383677.775571735	1048057.3125	2335423.24735523	2766881.07780716	2.61	0.042518003908872
Q42342	AT5G53560	297461648.951961	271466498.545313	401615263.388698	612444391.59375	629645273.851339	589061728.292715	1.04	0.043088982393239
Q944H0	AT1G48600	145615852.602058	141006088.019013	117582702.392251	96313702.359375	73618552.902995	66875865.5053632	-0.94	0.043695157741299
Q9SZR1	AT4G29900	37440402.8400201	41972314.0680294	52445735.6479553	103620026.1875	115265794.261942	97180559.9556763	1.3	0.043695157741299
C0LGU1	AT5G37450	74887255.0560858	89566057.8324916	65298410.7983069	139236950.03125	173819433.247329	176432655.085577	1.21	0.043848152350128
A0A1P8B591	AT4G23510	22883156.2383427	20551490.4337521	20077630.0945876	55388290.953125	55692418.5174229	60819490.0744562	1.44	0.043873031005865
P14891	AT1G76490	36799845.3777418	34551862.6035972	32751057.9743584	12575276.7734375	16296573.9842709	25201689.7110409	-1.08	0.044017559783954
Q9T051	AT4G11830	0	0	5440490.38984875	2115702.25	1320698.91369879	1551031.85227372	-1.81	0.045793278226098
Q9SA87	AT1G30720	4504641.77156905	3110860.00972906	1920254.2836553	10882923.0625	11822162.064817	7430578.05443452	1.81	0.046295336986332
O80946	AT2G39350	35023406.1328571	49328102.5156811	12289092.7195906	18621152	17097732.1376139	17465934.4343639	-1	0.046673789676244
O81488	AT5G26210	10495226.5255593	10316821.969301	9738207.2184229	4065589.09375	3605001.40940071	7321098.05333895	-1.34	0.047243984843108
Q9M2H7	AT3G58390	262060.333965255	511620.001181265	370693.491136061	85741.15625	64529.7357273619	1262593.19783178	-2.11	0.047886442490951
A0A1P8BEG1	AT5G42390	7972037.94211116	6409103.08954448	2640708.60305656	2015190.90625	2012392.91169226	1446714.80356782	-1.67	0.047995605717908
Q9FE78	AT5G05470	157787894.890814	157702185.976527	105574275.669235	97261849.90625	84479096.1445085	64917122.2419108	-0.9	0.048646563097682
F4J381	AT3G51050	73791837.0402482	66565550.847517	86098086.9648156	195132689.109375	168841880.758629	135898704.92205	1.19	0.048785091627487
Q67YL8		4817666.5249898	5303394.33328686	13630292.8274486	17346782.7109375	20010695.5653264	11249516.7051174	1.71	0.048851523348872
F4J3F3	AT3G57570	4512921.91470638	3064923.39467137	6798008.11865664	1170444.71875	1276396.42823687	1701574.1816675	-1.82	0.049719040869302
